date,item_name,category,quantity_sold,unit_price,stock_left
2025-01-01,Anklet,Gold Jewelry,9,999999999.0,91
2025-01-02,Bracelet,Gold Jewelry,5,4516467.0,95
2025-01-03,Bangle,Gold Jewelry,12,2481808.0,88
2025-01-04,Gold Bar,Gold Jewelry,6,3641278.0,94
2025-01-05,Anklet,Gold Jewelry,8,4872574.0,83
2025-01-06,Charm,Gold Jewelry,0,4690995.0,100
2025-01-07,Necklace,Gold Jewelry,10,4730679.0,90
2025-01-08,Anklet,Gold Jewelry,6,4336121.0,77
2025-01-09,Bangle,Gold Jewelry,7,3175682.0,81
2025-01-10,Gold Bar,Gold Jewelry,11,4893439.0,83
2025-01-11,Bracelet,Gold Jewelry,13,4569987.0,82
2025-01-12,Bangle,Gold Jewelry,2,4403138.0,79
2025-01-13,Bangle,Gold Jewelry,3,4050940.0,76
2025-01-14,Necklace,Gold Jewelry,9,4105909.0,81
2025-01-15,Pendant,Gold Jewelry,5,3345084.0,95
2025-01-16,Gold Bar,Gold Jewelry,9,2351067.0,74
2025-01-17,Earring,Gold Jewelry,0,2299464.0,100
2025-01-18,Bangle,Gold Jewelry,12,2553596.0,64
2025-01-19,Pendant,Gold Jewelry,13,4682829.0,82
2025-01-20,Earring,Gold Jewelry,3,4595558.0,97
2025-01-21,Gold Bar,Gold Jewelry,7,2128581.0,67
2025-01-22,Ring,Gold Jewelry,4,3187003.0,96
2025-01-23,Charm,Gold Jewelry,0,3094349.0,100
2025-01-24,Pendant,Gold Jewelry,0,3481039.0,82
2025-01-25,Brooch,Gold Jewelry,2,2350540.0,98
2025-01-26,Ring,Gold Jewelry,8,2514090.0,88
2025-01-27,Charm,Gold Jewelry,7,3431412.0,93
2025-01-28,Necklace,Gold Jewelry,0,3643869.0,81
2025-01-29,Anklet,Gold Jewelry,10,2886328.0,67
2025-01-30,Bracelet,Gold Jewelry,5,2629675.0,77
2025-01-31,Brooch,Gold Jewelry,0,3185694.0,98
2025-02-01,Necklace,Gold Jewelry,6,3373597.0,75
2025-02-02,Gold Bar,Gold Jewelry,3,2864923.0,64
2025-02-03,Necklace,Gold Jewelry,12,3310815.0,63
2025-02-04,Anklet,Gold Jewelry,0,3910291.0,67
2025-02-05,Gold Bar,Gold Jewelry,11,4593008.0,53
2025-02-06,Brooch,Gold Jewelry,1,4394219.0,97
2025-02-07,Anklet,Gold Jewelry,0,3376811.0,67
2025-02-08,Earring,Gold Jewelry,4,3654125.0,93
2025-02-09,Bracelet,Gold Jewelry,11,2335980.0,66
2025-02-10,Brooch,Gold Jewelry,10,4453379.0,87
2025-02-11,Earring,Gold Jewelry,4,3654312.0,89
2025-02-12,Charm,Gold Jewelry,7,3310467.0,86
2025-02-13,Brooch,Gold Jewelry,5,2185574.0,82
2025-02-14,Charm,Gold Jewelry,7,4592466.0,79
2025-02-15,Gold Bar,Gold Jewelry,1,4061596.0,52
2025-02-16,Earring,Gold Jewelry,0,2311816.0,89
2025-02-17,Bracelet,Gold Jewelry,5,2814145.0,61
2025-02-18,Anklet,Gold Jewelry,11,3041481.0,56
2025-02-19,Bangle,Gold Jewelry,12,2087007.0,52
2025-02-20,Necklace,Gold Jewelry,9,3130710.0,54
2025-02-21,Ring,Gold Jewelry,2,4255824.0,86
2025-02-22,Bracelet,Gold Jewelry,0,4364377.0,61
2025-02-23,Earring,Gold Jewelry,5,2219569.0,84
2025-02-24,Bangle,Gold Jewelry,1,4938756.0,51
2025-02-25,Bracelet,Gold Jewelry,6,2834064.0,55
2025-02-26,Earring,Gold Jewelry,11,3881207.0,73
2025-02-27,Pendant,Gold Jewelry,1,3637973.0,81
2025-02-28,Pendant,Gold Jewelry,5,3740952.0,76
2025-03-01,Charm,Gold Jewelry,0,3511071.0,79
2025-03-02,Bracelet,Gold Jewelry,2,4623165.0,53
2025-03-03,Pendant,Gold Jewelry,1,4421677.0,75
2025-03-04,Earring,Gold Jewelry,6,2768954.0,67
2025-03-05,Charm,Gold Jewelry,13,4939556.0,66
2025-03-06,Earring,Gold Jewelry,3,2739173.0,64
2025-03-07,Charm,Gold Jewelry,0,4885380.0,66
2025-03-08,Bracelet,Gold Jewelry,5,3772957.0,48
2025-03-09,Bangle,Gold Jewelry,11,2349775.0,40
2025-03-10,Anklet,Gold Jewelry,9,2713447.0,47
2025-03-11,Brooch,Gold Jewelry,3,3095904.0,79
2025-03-12,Bangle,Gold Jewelry,4,3014114.0,36
2025-03-13,Gold Bar,Gold Jewelry,12,5015748.0,40
2025-03-14,Earring,Gold Jewelry,12,4649987.0,52
2025-03-15,Gold Bar,Gold Jewelry,14,4790413.0,26
2025-03-16,Bangle,Gold Jewelry,14,4088259.0,22
2025-03-17,Charm,Gold Jewelry,8,2839125.0,58
2025-03-18,Brooch,Gold Jewelry,6,4573232.0,73
2025-03-19,Brooch,Gold Jewelry,9,3500599.0,64
2025-03-20,Ring,Gold Jewelry,13,4417907.0,73
2025-03-21,Brooch,Gold Jewelry,13,4835803.0,51
2025-03-22,Anklet,Gold Jewelry,8,4018030.0,39
2025-03-23,Brooch,Gold Jewelry,6,2378884.0,45
2025-03-24,Bangle,Gold Jewelry,11,4870915.0,11
2025-03-25,Ring,Gold Jewelry,0,3879253.0,73
2025-03-26,Bangle,Gold Jewelry,11,4980827.0,100
2025-03-27,Bangle,Gold Jewelry,7,4405662.0,93
2025-03-28,Necklace,Gold Jewelry,3,2730605.0,51
2025-03-29,Ring,Gold Jewelry,2,3530016.0,71
2025-03-30,Bangle,Gold Jewelry,13,2959113.0,80
2025-03-31,Necklace,Gold Jewelry,12,4737294.0,39
2025-04-01,Necklace,Gold Jewelry,0,4256549.0,39
2025-04-02,Ring,Gold Jewelry,11,4391204.0,60
2025-04-03,Gold Bar,Gold Jewelry,2,2432721.0,24
2025-04-04,Charm,Gold Jewelry,7,2469832.0,51
2025-04-05,Anklet,Gold Jewelry,5,2339575.0,34
2025-04-06,Charm,Gold Jewelry,0,3507200.0,51
2025-04-07,Brooch,Gold Jewelry,3,2077336.0,42
2025-04-08,Anklet,Gold Jewelry,7,,27
2025-04-09,Brooch,Gold Jewelry,7,3691425.0,35
2025-04-10,Bangle,Gold Jewelry,11,4657122.0,69
2025-04-11,Earring,Gold Jewelry,0,3936963.0,52
2025-04-12,Ring,Gold Jewelry,8,3160316.0,52
2025-04-13,Anklet,Gold Jewelry,13,4823605.0,14
2025-04-14,Anklet,Gold Jewelry,4,3499447.0,10
2025-04-15,Bangle,Gold Jewelry,3,3671471.0,66
2025-04-16,Gold Bar,Gold Jewelry,5,4330848.0,19
2025-04-17,Necklace,Gold Jewelry,5,4465166.0,34
2025-04-18,Bangle,Gold Jewelry,1,3551839.0,65
2025-04-19,Pendant,Gold Jewelry,7,3690974.0,68
2025-04-20,Necklace,Gold Jewelry,6,2730796.0,28
2025-04-21,Ring,Gold Jewelry,0,2434039.0,52
2025-04-22,Necklace,Gold Jewelry,4,2584214.0,24
2025-04-23,Gold Bar,Gold Jewelry,11,4897351.0,8
2025-04-24,Necklace,Gold Jewelry,5,4967690.0,19
2025-04-25,Ring,Gold Jewelry,3,2498048.0,49
2025-04-26,Gold Bar,Gold Jewelry,1,2609939.0,7
2025-04-27,Charm,Gold Jewelry,12,2331452.0,39
2025-04-28,Anklet,Gold Jewelry,13,4396505.0,97
2025-04-29,Anklet,Gold Jewelry,3,2837883.0,94
2025-04-30,Brooch,Gold Jewelry,0,2236243.0,35
2025-05-01,Charm,Gold Jewelry,6,3198882.0,33
2025-05-02,Charm,Gold Jewelry,1,2809968.0,32
2025-05-03,Necklace,Gold Jewelry,12,5051568.0,7
2025-05-04,Anklet,Gold Jewelry,1,4251421.0,93
2025-05-05,Ring,Gold Jewelry,8,4976715.0,41
2025-05-06,Bracelet,Gold Jewelry,4,3669234.0,44
2025-05-07,Bracelet,Gold Jewelry,1,2690835.0,43
2025-05-08,Gold Bar,Gold Jewelry,10,2823778.0,97
2025-05-09,Anklet,Gold Jewelry,8,3040089.0,85
2025-05-10,Anklet,Gold Jewelry,8,2826871.0,77
2025-05-11,Bracelet,Gold Jewelry,0,3531760.0,43
2025-05-12,Anklet,Gold Jewelry,10,2208480.0,67
2025-05-13,Necklace,Gold Jewelry,0,4058503.0,7
2025-05-14,Pendant,Gold Jewelry,3,2568867.0,65
2025-05-15,Earring,Gold Jewelry,13,4501003.0,39
2025-05-16,Charm,Gold Jewelry,6,4373981.0,26
2025-05-17,Brooch,Gold Jewelry,9,2325354.0,26
2025-05-18,Gold Bar,Gold Jewelry,3,3828271.0,94
2025-05-19,Pendant,Gold Jewelry,1,4477725.0,64
2025-05-20,Bracelet,Gold Jewelry,6,3986660.0,37
2025-05-21,Charm,Gold Jewelry,5,2247241.0,21
2025-05-22,Anklet,Gold Jewelry,0,4306383.0,67
2025-05-23,Brooch,Gold Jewelry,5,4621982.0,21
2025-05-24,Anklet,Gold Jewelry,10,2835765.0,57
2025-05-25,Ring,Gold Jewelry,14,4508536.0,27
2025-05-26,Ring,Gold Jewelry,5,3547085.0,22
2025-05-27,Brooch,Gold Jewelry,11,4283840.0,10
2025-05-28,Brooch,Gold Jewelry,4,2382117.0,6
2025-05-29,Bracelet,Gold Jewelry,3,5054346.0,34
2025-05-30,Brooch,Gold Jewelry,9,2819248.0,97
2025-05-31,Necklace,Gold Jewelry,11,4129410.0,96
2025-06-01,Anklet,Gold Jewelry,14,2968888.0,43
2025-06-02,Pendant,Gold Jewelry,0,4553748.0,64
2025-06-03,Bangle,Gold Jewelry,9,2989243.0,56
2025-06-04,Brooch,Gold Jewelry,5,2811275.0,92
2025-06-05,Gold Bar,Gold Jewelry,1,4097834.0,93
2025-06-06,Ring,Gold Jewelry,12,3375819.0,10
2025-06-07,Necklace,Gold Jewelry,2,3112686.0,94
2025-06-08,Charm,Gold Jewelry,13,2677506.0,8
2025-06-09,Bangle,Gold Jewelry,7,3324492.0,49
2025-06-10,Pendant,Gold Jewelry,9,4079920.0,55
2025-06-11,Bangle,Gold Jewelry,13,2637218.0,36
2025-06-12,Brooch,Gold Jewelry,13,4201243.0,79
2025-06-13,Bracelet,Gold Jewelry,5,3911489.0,29
2025-06-14,Ring,Gold Jewelry,2,4081063.0,8
2025-06-15,Ring,Gold Jewelry,6,3679353.0,2
2025-06-16,Charm,Gold Jewelry,3,3207027.0,5
2025-06-17,Bracelet,Gold Jewelry,13,4199642.0,16
2025-06-18,Anklet,Gold Jewelry,8,2436414.0,35
2025-06-19,Earring,Gold Jewelry,14,5048444.0,25
2025-06-20,Necklace,Gold Jewelry,4,4432693.0,90
2025-06-21,Ring,Gold Jewelry,2,5005165.0,100
2025-06-22,Gold Bar,Gold Jewelry,1,4849545.0,92
2025-06-23,Ring,Gold Jewelry,10,2211432.0,90
2025-06-24,Bangle,Gold Jewelry,1,3126955.0,35
2025-06-25,Ring,Gold Jewelry,2,2355583.0,88
2025-06-26,Ring,Gold Jewelry,1,3839498.0,87
2025-06-27,Earring,Gold Jewelry,13,4745003.0,12
2025-06-28,Earring,Gold Jewelry,3,4175453.0,9
2025-06-29,Pendant,Gold Jewelry,1,4679868.0,54
2025-06-30,Anklet,Gold Jewelry,9,2772405.0,26
2025-07-01,Gold Bar,Gold Jewelry,8,3648926.0,84
2025-07-02,Ring,Gold Jewelry,1,3577561.0,86
2025-07-03,Ring,Gold Jewelry,8,5022202.0,78
2025-07-04,Necklace,Gold Jewelry,12,4684316.0,78
2025-07-05,Earring,Gold Jewelry,5,3793921.0,4
2025-07-06,Gold Bar,Gold Jewelry,0,2382220.0,84
2025-07-07,Charm,Gold Jewelry,3,3337953.0,2
2025-07-08,Pendant,Gold Jewelry,14,3489285.0,40
2025-07-09,Anklet,Gold Jewelry,13,2576225.0,13
2025-07-10,Bracelet,Gold Jewelry,0,5017705.0,16
2025-07-11,Anklet,Gold Jewelry,13,5010517.0,100
2025-07-12,Bangle,Gold Jewelry,5,4760749.0,30
2025-07-13,Ring,Gold Jewelry,13,2950400.0,65
2025-07-14,Pendant,Gold Jewelry,12,4631622.0,28
2025-07-15,Bangle,Gold Jewelry,3,3504478.0,27
2025-07-16,Gold Bar,Gold Jewelry,2,5019989.0,82
2025-07-17,Bracelet,Gold Jewelry,2,3082656.0,14
2025-07-18,Earring,Gold Jewelry,8,2962659.0,96
2025-07-19,Pendant,Gold Jewelry,5,3017496.0,23
2025-07-20,Pendant,Gold Jewelry,8,2848778.0,15
2025-07-21,Ring,Gold Jewelry,0,4337535.0,65
2025-07-22,Brooch,Gold Jewelry,4,3304920.0,75
2025-07-23,Pendant,Gold Jewelry,1,2849352.0,14
2025-07-24,Necklace,Gold Jewelry,7,3258618.0,71
2025-07-25,Bracelet,Gold Jewelry,4,3205186.0,10
2025-07-26,Bracelet,Gold Jewelry,1,4963613.0,9
2025-07-27,Necklace,Gold Jewelry,3,4228980.0,68
2025-07-28,Charm,Gold Jewelry,8,4838351.0,94
2025-07-29,Necklace,Gold Jewelry,14,3212310.0,54
2025-07-30,Necklace,Gold Jewelry,3,2917283.0,51
2025-07-31,Bracelet,Gold Jewelry,12,5020363.0,97
2025-08-01,Anklet,Gold Jewelry,11,3927367.0,89
2025-08-02,Bracelet,Gold Jewelry,11,5005533.0,86
2025-08-03,Brooch,Gold Jewelry,11,2445365.0,64
2025-08-04,Ring,Gold Jewelry,12,2983012.0,53
2025-08-05,Bangle,Gold Jewelry,14,3686315.0,13
2025-08-06,Anklet,Gold Jewelry,13,4137644.0,76
2025-08-07,Earring,Gold Jewelry,3,4007769.0,93
2025-08-08,Bangle,Gold Jewelry,1,3459090.0,12
2025-08-09,Ring,Gold Jewelry,12,2495893.0,41
2025-08-10,Brooch,Gold Jewelry,11,3282841.0,53
2025-08-11,Brooch,Gold Jewelry,14,3546601.0,39
2025-08-12,Earring,Gold Jewelry,5,4337041.0,88
2025-08-13,Anklet,Gold Jewelry,0,4923139.0,76
2025-08-14,Charm,Gold Jewelry,10,3358303.0,84
2025-08-15,Necklace,Gold Jewelry,0,4702554.0,51
2025-08-16,Anklet,Gold Jewelry,1,5022456.0,75
2025-08-17,Charm,Gold Jewelry,11,5001226.0,73
2025-08-18,Brooch,Gold Jewelry,6,4471872.0,33
2025-08-19,Bracelet,Gold Jewelry,2,3584793.0,84
2025-08-20,Ring,Gold Jewelry,14,2411708.0,27
2025-08-21,Earring,Gold Jewelry,2,2866186.0,86
2025-08-22,Ring,Gold Jewelry,4,5014206.0,23
2025-08-23,Gold Bar,Gold Jewelry,0,3215657.0,82
2025-08-24,Gold Bar,Gold Jewelry,1,4154482.0,81
2025-08-25,Anklet,Gold Jewelry,9,3044215.0,66
2025-08-26,Brooch,Gold Jewelry,8,4431856.0,25
2025-08-27,Brooch,Gold Jewelry,1,3568991.0,24
2025-08-28,Necklace,Gold Jewelry,13,4817193.0,38
2025-08-29,Necklace,Gold Jewelry,10,4515487.0,28
2025-08-30,Necklace,Gold Jewelry,1,3965719.0,27
2025-08-31,Bracelet,Gold Jewelry,12,3280662.0,72
2025-09-01,Bangle,Gold Jewelry,14,4674937.0,98
2025-09-02,Pendant,Gold Jewelry,7,3096250.0,7
2025-09-03,Bangle,Gold Jewelry,14,4634410.0,84
2025-09-04,Ring,Gold Jewelry,8,2547528.0,15
2025-09-05,Bangle,Gold Jewelry,6,4659110.0,78
2025-09-06,Bracelet,Gold Jewelry,2,3012403.0,70
2025-09-07,Ring,Gold Jewelry,8,4839723.0,7
2025-09-08,Bangle,Gold Jewelry,2,2737181.0,76
2025-09-09,Bracelet,Gold Jewelry,4,4381415.0,66
2025-09-10,Pendant,Gold Jewelry,8,3776824.0,99
2025-09-11,Bangle,Gold Jewelry,11,4045896.0,65
2025-09-12,Bracelet,Gold Jewelry,13,3198177.0,53
2025-09-13,Necklace,Gold Jewelry,13,3163311.0,14
2025-09-14,Brooch,Gold Jewelry,2,4636388.0,22
2025-09-15,Necklace,Gold Jewelry,6,2267727.0,8
2025-09-16,Brooch,Gold Jewelry,11,3902055.0,11
2025-09-17,Earring,Gold Jewelry,0,3128055.0,86
2025-09-18,Earring,Gold Jewelry,3,2822137.0,83
2025-09-19,Earring,Gold Jewelry,0,2412354.0,83
2025-09-20,Pendant,Gold Jewelry,6,4599010.0,93
2025-09-21,Necklace,Gold Jewelry,7,2811392.0,1
2025-09-22,Brooch,Gold Jewelry,0,,11
2025-09-23,Bracelet,Gold Jewelry,4,,49
2025-09-24,Ring,Gold Jewelry,6,3769091.0,1
2025-09-25,Bracelet,Gold Jewelry,11,2793827.0,38
2025-09-26,Ring,Gold Jewelry,3,3791153.0,98
2025-09-27,Gold Bar,Gold Jewelry,12,2285594.0,69
2025-09-28,Bracelet,Gold Jewelry,3,3620255.0,35
2025-09-29,Bangle,Gold Jewelry,3,4962683.0,62
2025-09-30,Bangle,Gold Jewelry,11,5025306.0,51
2025-10-01,Anklet,Gold Jewelry,10,5101134.0,56
2025-10-02,Necklace,Gold Jewelry,12,3943684.0,89
2025-10-03,Ring,Gold Jewelry,2,3947358.0,96
2025-10-04,Ring,Gold Jewelry,28,2617083.0,68
2025-10-05,Necklace,Gold Jewelry,8,3532816.0,81
2025-10-06,Pendant,Gold Jewelry,6,4040740.0,87
2025-10-07,Anklet,Gold Jewelry,28,3593589.0,28
2025-10-08,Pendant,Gold Jewelry,26,2208323.0,61
2025-10-09,Pendant,Gold Jewelry,24,4230921.0,37
2025-10-10,Pendant,Gold Jewelry,4,3754559.0,33
2025-10-11,Necklace,Gold Jewelry,12,4657110.0,69
2025-10-12,Pendant,Gold Jewelry,20,,13
2025-10-13,Bangle,Gold Jewelry,22,4438436.0,29
2025-10-14,Earring,Gold Jewelry,10,2250096.0,73
2025-10-15,Gold Bar,Gold Jewelry,26,3284840.0,43
2025-10-16,Ring,Gold Jewelry,12,2590790.0,56
2025-10-17,Ring,Gold Jewelry,8,4851684.0,48
2025-10-18,Gold Bar,Gold Jewelry,24,5057066.0,19
2025-10-19,Necklace,Gold Jewelry,10,3686224.0,59
2025-10-20,Bracelet,Gold Jewelry,8,3826989.0,27
2025-10-21,Necklace,Gold Jewelry,26,4112230.0,33
2025-10-22,Ring,Gold Jewelry,12,2515226.0,36
2025-10-23,Ring,Gold Jewelry,2,2273810.0,34
2025-10-24,Gold Bar,Gold Jewelry,26,2823673.0,93
2025-10-25,Pendant,Gold Jewelry,20,5051233.0,93
2025-10-26,Necklace,Gold Jewelry,8,4037529.0,25
2025-10-27,Brooch,Gold Jewelry,10,3243816.0,1
2025-10-28,Gold Bar,Gold Jewelry,10,,83
2025-10-29,Bangle,Gold Jewelry,28,4645824.0,1
2025-10-30,Ring,Gold Jewelry,8,4717099.0,26
2025-10-31,Gold Bar,Gold Jewelry,18,4724480.0,65
2025-11-01,Necklace,Gold Jewelry,12,2925210.0,13
2025-11-02,Ring,Gold Jewelry,18,4578437.0,8
2025-11-03,Bracelet,Gold Jewelry,14,3789675.0,13
2025-11-04,Gold Bar,Gold Jewelry,12,4696028.0,53
2025-11-05,Anklet,Gold Jewelry,8,2860673.0,20
2025-11-06,Ring,Gold Jewelry,0,2956349.0,8
2025-11-07,Necklace,Gold Jewelry,24,3883665.0,89
2025-11-08,Earring,Gold Jewelry,8,3316568.0,65
2025-11-09,Brooch,Gold Jewelry,18,3191891.0,83
2025-11-10,Charm,Gold Jewelry,2,2909994.0,71
2025-11-11,Pendant,Gold Jewelry,24,2580177.0,69
2025-11-12,Charm,Gold Jewelry,8,2800262.0,63
2025-11-13,Necklace,Gold Jewelry,8,2925876.0,81
2025-11-14,Bangle,Gold Jewelry,2,3298404.0,99
2025-11-15,Bangle,Gold Jewelry,8,3950376.0,91
2025-11-16,Earring,Gold Jewelry,24,4562157.0,41
2025-11-17,Pendant,Gold Jewelry,6,3243116.0,63
2025-11-18,Anklet,Gold Jewelry,0,3366684.0,20
2025-11-19,Earring,Gold Jewelry,4,3294276.0,37
2025-11-20,Charm,Gold Jewelry,0,4599328.0,63
2025-11-21,Earring,Gold Jewelry,22,3922511.0,15
2025-11-22,Charm,Gold Jewelry,20,2552270.0,43
2025-11-23,Ring,Gold Jewelry,28,2209002.0,80
2025-11-24,Bangle,Gold Jewelry,8,2579342.0,83
2025-11-25,Ring,Gold Jewelry,6,2879339.0,74
2025-11-26,Brooch,Gold Jewelry,12,3322022.0,71
2025-11-27,Pendant,Gold Jewelry,8,3280244.0,55
2025-11-28,Anklet,Gold Jewelry,18,4361655.0,2
2025-11-29,Charm,Gold Jewelry,26,3950006.0,17
2025-11-30,Anklet,Gold Jewelry,6,4484114.0,96
2025-12-01,Charm,Gold Jewelry,2,4045006.0,15
2025-12-02,Necklace,Gold Jewelry,6,2886674.0,75
2025-12-03,Earring,Gold Jewelry,22,2796889.0,93
2025-12-04,Brooch,Gold Jewelry,2,4535608.0,69
2025-12-05,Bangle,Gold Jewelry,14,4327996.0,69
2025-12-06,Charm,Gold Jewelry,4,3943529.0,11
2025-12-07,Anklet,Gold Jewelry,16,2565395.0,80
2025-12-08,Brooch,Gold Jewelry,24,3096279.0,45
2025-12-09,Bracelet,Gold Jewelry,6,4187654.0,7
2025-12-10,Bracelet,Gold Jewelry,24,4578653.0,83
2025-12-11,Ring,Gold Jewelry,10,4656851.0,64
2025-12-12,Bangle,Gold Jewelry,18,3715776.0,51
2025-12-13,Necklace,Gold Jewelry,8,3504420.0,67
2025-12-14,Anklet,Gold Jewelry,18,4004291.0,62
2025-12-15,Earring,Gold Jewelry,0,4703832.0,93
2025-12-16,Earring,Gold Jewelry,0,4364982.0,93
2025-12-17,Anklet,Gold Jewelry,0,2400391.0,62
2025-12-18,Pendant,Gold Jewelry,0,4486258.0,55
2025-12-19,Necklace,Gold Jewelry,0,4680237.0,67
2025-12-20,Brooch,Gold Jewelry,16,2367887.0,29
2025-12-21,Charm,Gold Jewelry,16,3466709.0,95
2025-12-22,Pendant,Gold Jewelry,0,2591670.0,55
2025-12-23,Charm,Gold Jewelry,2,4962067.0,93
2025-12-24,Charm,Gold Jewelry,22,3552573.0,71
2025-12-25,Pendant,Gold Jewelry,24,3702982.0,31
2025-12-26,Ring,Gold Jewelry,0,4714894.0,64
2025-12-27,Bracelet,Gold Jewelry,0,2542916.0,83
2025-12-28,Charm,Gold Jewelry,2,2358548.0,69
2025-12-29,Pendant,Gold Jewelry,18,3179082.0,13
2025-12-30,Pendant,Gold Jewelry,22,3583722.0,91
2025-12-31,Gold Bar,Gold Jewelry,14,3606663.0,39
2026-01-01,Ring,Gold Jewelry,4,4651646.0,60
2026-01-02,Bangle,Gold Jewelry,11,2869268.0,40
2026-01-03,Gold Bar,Gold Jewelry,10,2985455.0,29
2026-01-04,Gold Bar,Gold Jewelry,6,3295009.0,23
2026-01-05,Anklet,Gold Jewelry,1,4197648.0,61
2026-01-06,Bracelet,Gold Jewelry,0,4826431.0,83
2026-01-07,Pendant,Gold Jewelry,10,2458419.0,81
2026-01-08,Bracelet,Gold Jewelry,5,3705593.0,78
2026-01-09,Necklace,Gold Jewelry,7,4630791.0,60
2026-01-10,Anklet,Gold Jewelry,0,3165754.0,61
2026-01-11,Bangle,Gold Jewelry,14,2335245.0,26
2026-01-12,Bracelet,Gold Jewelry,0,3918992.0,78
2026-01-13,Earring,Gold Jewelry,11,2326186.0,82
2026-01-14,Charm,Gold Jewelry,6,4256636.0,63
2026-01-15,Necklace,Gold Jewelry,7,3245491.0,53
2026-01-16,Ring,Gold Jewelry,12,4008902.0,48
2026-01-17,Bangle,Gold Jewelry,2,3676176.0,24
2026-01-18,Necklace,Gold Jewelry,4,4174044.0,49
2026-01-19,Charm,Gold Jewelry,11,3146730.0,52
2026-01-20,Anklet,Gold Jewelry,0,2241976.0,61
2026-01-21,Charm,Gold Jewelry,6,4715120.0,46
2026-01-22,Gold Bar,Gold Jewelry,4,4556128.0,19
2026-01-23,Charm,Gold Jewelry,7,2405009.0,39
2026-01-24,Gold Bar,Gold Jewelry,12,4221320.0,7
2026-01-25,Anklet,Gold Jewelry,7,4006605.0,54
2026-01-26,Brooch,Gold Jewelry,8,3762399.0,21
2026-01-27,Gold Bar,Gold Jewelry,6,4512178.0,1
2026-01-28,Ring,Gold Jewelry,10,4143238.0,38
2026-01-29,Charm,Gold Jewelry,0,4291513.0,39
2026-01-30,Charm,Gold Jewelry,0,3592796.0,39
2026-01-31,Ring,Gold Jewelry,2,3192120.0,36
2026-02-01,Earring,Gold Jewelry,7,4333730.0,75
2026-02-02,Pendant,Gold Jewelry,2,2813241.0,79
2026-02-03,Brooch,Gold Jewelry,0,5158299.0,21
2026-02-04,Bangle,Gold Jewelry,0,2408359.0,24
2026-02-05,Gold Bar,Gold Jewelry,4,4408587.0,97
2026-02-06,Ring,Gold Jewelry,3,5038041.0,33
2026-02-07,Anklet,Gold Jewelry,4,3401114.0,50
2026-02-08,Gold Bar,Gold Jewelry,7,2246975.0,90
2026-02-09,Pendant,Gold Jewelry,9,5145726.0,70
2026-02-10,Anklet,Gold Jewelry,0,3404560.0,50
2026-02-11,Necklace,Gold Jewelry,13,3302577.0,36
2026-02-12,Charm,Gold Jewelry,3,3047581.0,36
2026-02-13,Necklace,Gold Jewelry,0,4493181.0,36
2026-02-14,Gold Bar,Gold Jewelry,3,2633233.0,87
2026-02-15,Pendant,Gold Jewelry,14,4970668.0,56
2026-02-16,Brooch,Gold Jewelry,2,3808470.0,19
2026-02-17,Gold Bar,Gold Jewelry,6,3737064.0,81
2026-02-18,Ring,Gold Jewelry,2,2424083.0,31
2026-02-19,Bracelet,Gold Jewelry,11,4668050.0,67
2026-02-20,Gold Bar,Gold Jewelry,2,4442938.0,79
2026-02-21,Charm,Gold Jewelry,10,2435189.0,26
2026-02-22,Charm,Gold Jewelry,9,4260311.0,17
2026-02-23,Gold Bar,Gold Jewelry,4,4285198.0,75
2026-02-24,Anklet,Gold Jewelry,4,3678419.0,46
2026-02-25,Bracelet,Gold Jewelry,13,4860324.0,54
2026-02-26,Ring,Gold Jewelry,5,4267001.0,26
2026-02-27,Gold Bar,Gold Jewelry,7,3015807.0,68
2026-02-28,Anklet,Gold Jewelry,9,3632358.0,37
2026-03-01,Charm,Gold Jewelry,5,3960982.0,12
2026-03-02,Charm,Gold Jewelry,14,4581810.0,98
2026-03-03,Pendant,Gold Jewelry,11,3658065.0,45
2026-03-04,Gold Bar,Gold Jewelry,0,2915995.0,68
2026-03-05,Bracelet,Gold Jewelry,14,3627562.0,40
2026-03-06,Earring,Gold Jewelry,7,4211461.0,68
2026-03-07,Bracelet,Gold Jewelry,7,3753814.0,33
2026-03-08,Charm,Gold Jewelry,8,2293577.0,90
2026-03-09,Charm,Gold Jewelry,8,3470352.0,82
2026-03-10,Necklace,Gold Jewelry,1,2531518.0,35
2026-03-11,Charm,Gold Jewelry,14,4383239.0,68
2026-03-12,Ring,Gold Jewelry,1,4064805.0,25
2026-03-13,Bangle,Gold Jewelry,2,4031205.0,22
2026-03-14,Gold Bar,Gold Jewelry,0,5129212.0,68
2026-03-15,Bracelet,Gold Jewelry,3,3860232.0,30
2026-03-16,Bangle,Gold Jewelry,13,5060511.0,9
2026-03-17,Anklet,Gold Jewelry,3,3609678.0,34
2026-03-18,Earring,Gold Jewelry,13,4612716.0,55
2026-03-19,Ring,Gold Jewelry,8,2472514.0,17
2026-03-20,Bracelet,Gold Jewelry,8,3150160.0,22
2026-03-21,Bangle,Gold Jewelry,8,4461332.0,1
2026-03-22,Earring,Gold Jewelry,9,4191380.0,46
2026-03-23,Necklace,Gold Jewelry,6,3007192.0,29
2026-03-24,Ring,Gold Jewelry,13,4293194.0,4
2026-03-25,Ring,Gold Jewelry,14,2659928.0,90
2026-03-26,Necklace,Gold Jewelry,1,3144614.0,28
2026-03-27,Gold Bar,Gold Jewelry,9,2826891.0,59
2026-03-28,Necklace,Gold Jewelry,4,3546948.0,24
2026-03-29,Ring,Gold Jewelry,3,4680398.0,87
2026-03-30,Ring,Gold Jewelry,0,3763611.0,87
2026-03-31,Bangle,Gold Jewelry,0,4409926.0,1
2026-04-01,Charm,Gold Jewelry,7,4200843.0,61
2026-04-02,Earring,Gold Jewelry,1,4713670.0,45
2026-04-03,Necklace,Gold Jewelry,5,2641172.0,19
2026-04-04,Earring,Gold Jewelry,12,3343518.0,33
2026-04-05,Necklace,Gold Jewelry,4,2767477.0,15
2026-04-06,Anklet,Gold Jewelry,14,4229014.0,20
2026-04-07,Ring,Gold Jewelry,11,3788641.0,76
2026-04-08,Charm,Gold Jewelry,0,4954408.0,61
2026-04-09,Bangle,Gold Jewelry,10,4741741.0,91
2026-04-10,Charm,Gold Jewelry,9,4080058.0,52
2026-04-11,Charm,Gold Jewelry,14,2823004.0,38
2026-04-12,Charm,Gold Jewelry,0,4676336.0,38
2026-04-13,Earring,Gold Jewelry,7,4876584.0,26
2026-04-14,Necklace,Gold Jewelry,1,4393173.0,14
2026-04-15,Brooch,Gold Jewelry,6,5024137.0,13
2026-04-16,Anklet,Gold Jewelry,8,2695115.0,12
2026-04-17,Bracelet,Gold Jewelry,8,2277791.0,14
2026-04-18,Charm,Gold Jewelry,0,2664276.0,38
2026-04-19,Gold Bar,Gold Jewelry,10,2631254.0,49
2026-04-20,Earring,Gold Jewelry,13,2540664.0,13
2026-04-21,Bangle,Gold Jewelry,11,4360327.0,80
2026-04-22,Bracelet,Gold Jewelry,9,2911647.0,5
2026-04-23,Brooch,Gold Jewelry,8,4597970.0,5
2026-04-24,Gold Bar,Gold Jewelry,1,4307671.0,48
2026-04-25,Brooch,Gold Jewelry,5,2948172.0,100
2026-04-26,Bracelet,Gold Jewelry,3,4218192.0,2
2026-04-27,Charm,Gold Jewelry,13,4967350.0,25
2026-04-28,Gold Bar,Gold Jewelry,3,2578369.0,45
2026-04-29,Brooch,Gold Jewelry,4,2554363.0,96
2026-04-30,Bangle,Gold Jewelry,11,4469039.0,69
2026-05-01,Necklace,Gold Jewelry,2,2538563.0,12
2026-05-02,Ring,Gold Jewelry,13,3626875.0,63
2026-05-03,Necklace,Gold Jewelry,0,4674365.0,12
2026-05-04,Bracelet,Gold Jewelry,7,4120336.0,95
2026-05-05,Earring,Gold Jewelry,4,2803463.0,9
2026-05-06,Ring,Gold Jewelry,2,3788586.0,61
2026-05-07,Anklet,Gold Jewelry,9,5148003.0,3
2026-05-08,Bangle,Gold Jewelry,13,5133757.0,56
2026-05-09,Anklet,Gold Jewelry,6,4715165.0,97
2026-05-10,Gold Bar,Gold Jewelry,6,5156984.0,39
2026-05-11,Ring,Gold Jewelry,0,4526169.0,61
2026-05-12,Anklet,Gold Jewelry,0,4415457.0,97
2026-05-13,Anklet,Gold Jewelry,8,2941424.0,89
2026-05-14,Brooch,Gold Jewelry,14,4819115.0,82
2026-05-15,Necklace,Gold Jewelry,1,3911155.0,11
2026-05-16,Brooch,Gold Jewelry,4,2728108.0,78
2026-05-17,Ring,Gold Jewelry,12,2845321.0,49
2026-05-18,Ring,Gold Jewelry,13,4535408.0,36
2026-05-19,Bracelet,Gold Jewelry,4,2727628.0,91
2026-05-20,Brooch,Gold Jewelry,13,3275920.0,65
2026-05-21,Pendant,Gold Jewelry,7,5239675.0,38
2026-05-22,Necklace,Gold Jewelry,13,3286668.0,98
2026-05-23,Ring,Gold Jewelry,7,5176278.0,29
2026-05-24,Bracelet,Gold Jewelry,13,3696181.0,78
2026-05-25,Brooch,Gold Jewelry,6,3664523.0,59
2026-05-26,Necklace,Gold Jewelry,6,4594340.0,92
2026-05-27,Brooch,Gold Jewelry,11,4728699.0,48
2026-05-28,Anklet,Gold Jewelry,10,3109823.0,79
2026-05-29,Bracelet,Gold Jewelry,5,4591153.0,73
2026-05-30,Necklace,Gold Jewelry,5,3625722.0,87
2026-05-31,Charm,Gold Jewelry,10,2555175.0,15
2026-06-01,Gold Bar,Gold Jewelry,0,2966175.0,39
2026-06-02,Gold Bar,Gold Jewelry,5,4125806.0,34
2026-06-03,Necklace,Gold Jewelry,11,2522625.0,76
2026-06-04,Brooch,Gold Jewelry,12,3102340.0,36
2026-06-05,Bracelet,Gold Jewelry,12,2460339.0,61
2026-06-06,Gold Bar,Gold Jewelry,1,3955314.0,33
2026-06-07,Bracelet,Gold Jewelry,1,3195339.0,60
2026-06-08,Gold Bar,Gold Jewelry,12,2386855.0,21
2026-06-09,Anklet,Gold Jewelry,4,2289798.0,75
2026-06-10,Brooch,Gold Jewelry,14,2878437.0,22
2026-06-11,Anklet,Gold Jewelry,3,3638607.0,72
2026-06-12,Gold Bar,Gold Jewelry,10,2282977.0,11
2026-06-13,Charm,Gold Jewelry,1,4578552.0,14
2026-06-14,Charm,Gold Jewelry,14,4751611.0,100
2026-06-15,Anklet,Gold Jewelry,14,4274606.0,58
2026-06-16,Charm,Gold Jewelry,2,3825257.0,98
2026-06-17,Gold Bar,Gold Jewelry,6,4228434.0,5
2026-06-18,Necklace,Gold Jewelry,7,2671605.0,69
2026-06-19,Anklet,Gold Jewelry,11,4244334.0,47
2026-06-20,Earring,Gold Jewelry,12,2541086.0,97
2026-06-21,Brooch,Gold Jewelry,5,4149297.0,17
2026-06-22,Charm,Gold Jewelry,10,4157255.0,88
2026-06-23,Charm,Gold Jewelry,0,3092759.0,88
2026-06-24,Ring,Gold Jewelry,12,2604471.0,17
2026-06-25,Pendant,Gold Jewelry,0,3949328.0,38
2026-06-26,Anklet,Gold Jewelry,7,2401684.0,40
2026-06-27,Bangle,Gold Jewelry,2,3406627.0,54
2026-06-28,Charm,Gold Jewelry,14,4519305.0,74
2026-06-29,Brooch,Gold Jewelry,5,2517300.0,12
2026-06-30,Earring,Gold Jewelry,2,2856510.0,95
2026-07-01,Charm,Gold Jewelry,6,2365036.0,68
2026-07-02,Earring,Gold Jewelry,12,,83
2026-07-03,Gold Bar,Gold Jewelry,13,4518747.0,92
2026-07-04,Gold Bar,Gold Jewelry,6,3127892.0,86
2026-07-05,Pendant,Gold Jewelry,11,4096573.0,27
2026-07-06,Necklace,Gold Jewelry,14,2557196.0,55
2026-07-07,Bangle,Gold Jewelry,8,3466456.0,46
2026-07-08,Ring,Gold Jewelry,4,2511919.0,13
2026-07-09,Pendant,Gold Jewelry,14,3267029.0,13
2026-07-10,Bracelet,Gold Jewelry,7,2432192.0,53
2026-07-11,Ring,Gold Jewelry,9,2541031.0,4
2026-07-12,Anklet,Gold Jewelry,9,4669598.0,31
2026-07-13,Brooch,Gold Jewelry,7,3936888.0,5
2026-07-14,Bracelet,Gold Jewelry,0,4865417.0,53
2026-07-15,Bracelet,Gold Jewelry,11,2922927.0,42
2026-07-16,Pendant,Gold Jewelry,4,4233756.0,9
2026-07-17,Necklace,Gold Jewelry,2,4105964.0,53
2026-07-18,Pendant,Gold Jewelry,0,3670009.0,9
2026-07-19,Anklet,Gold Jewelry,3,4780214.0,28
2026-07-20,Charm,Gold Jewelry,7,2766279.0,61
2026-07-21,Charm,Gold Jewelry,2,4878104.0,59
2026-07-22,Necklace,Gold Jewelry,9,2854008.0,44
2026-07-23,Anklet,Gold Jewelry,1,5213747.0,27
2026-07-24,Necklace,Gold Jewelry,10,4778633.0,34
2026-07-25,Earring,Gold Jewelry,0,2664270.0,83
2026-07-26,Charm,Gold Jewelry,9,4201994.0,50
2026-07-27,Bracelet,Gold Jewelry,4,3854146.0,38
2026-07-28,Bangle,Gold Jewelry,13,2769955.0,33
2026-07-29,Brooch,Gold Jewelry,6,4506484.0,99
2026-07-30,Anklet,Gold Jewelry,10,2834719.0,17
2026-07-31,Ring,Gold Jewelry,10,4474268.0,94
2026-08-01,Necklace,Gold Jewelry,1,2540171.0,33
2026-08-02,Brooch,Gold Jewelry,8,3913777.0,91
2026-08-03,Ring,Gold Jewelry,12,5161156.0,82
2026-08-04,Brooch,Gold Jewelry,8,2804265.0,83
2026-08-05,Bangle,Gold Jewelry,3,2918880.0,30
2026-08-06,Ring,Gold Jewelry,3,4617729.0,79
2026-08-07,Pendant,Gold Jewelry,5,5099324.0,4
2026-08-08,Gold Bar,Gold Jewelry,9,4792929.0,77
2026-08-09,Pendant,Gold Jewelry,9,2388056.0,95
2026-08-10,Charm,Gold Jewelry,9,4190883.0,41
2026-08-11,Gold Bar,Gold Jewelry,5,3499065.0,72
2026-08-12,Pendant,Gold Jewelry,11,4786356.0,84
2026-08-13,Gold Bar,Gold Jewelry,0,3850037.0,72
2026-08-14,Gold Bar,Gold Jewelry,13,4240049.0,59
2026-08-15,Bracelet,Gold Jewelry,13,2948255.0,25
2026-08-16,Necklace,Gold Jewelry,8,3752048.0,25
2026-08-17,Necklace,Gold Jewelry,1,3039588.0,24
2026-08-18,Bracelet,Gold Jewelry,4,2947443.0,21
2026-08-19,Brooch,Gold Jewelry,8,4893334.0,75
2026-08-20,Earring,Gold Jewelry,3,2357778.0,80
2026-08-21,Brooch,Gold Jewelry,10,3392909.0,65
2026-08-22,Ring,Gold Jewelry,2,3108057.0,77
2026-08-23,Ring,Gold Jewelry,14,4953028.0,63
2026-08-24,Gold Bar,Gold Jewelry,6,3813083.0,53
2026-08-25,Pendant,Gold Jewelry,5,4474013.0,79
2026-08-26,Pendant,Gold Jewelry,7,3699949.0,72
2026-08-27,Necklace,Gold Jewelry,2,3964629.0,22
2026-08-28,Anklet,Gold Jewelry,4,2824154.0,13
2026-08-29,Brooch,Gold Jewelry,9,5021658.0,56
2026-08-30,Charm,Gold Jewelry,3,3314930.0,38
2026-08-31,Bangle,Gold Jewelry,14,3971240.0,16
2026-09-01,Pendant,Gold Jewelry,12,3383525.0,60
2026-09-02,Bangle,Gold Jewelry,3,4090318.0,13
2026-09-03,Gold Bar,Gold Jewelry,3,5256720.0,50
2026-09-04,Bangle,Gold Jewelry,9,3465617.0,4
2026-09-05,Charm,Gold Jewelry,7,4388963.0,31
2026-09-06,Bracelet,Gold Jewelry,5,4075055.0,16
2026-09-07,Charm,Gold Jewelry,2,2368842.0,29
2026-09-08,Bangle,Gold Jewelry,9,4892671.0,95
2026-09-09,Charm,Gold Jewelry,4,3589506.0,25
2026-09-10,Earring,Gold Jewelry,5,2597634.0,75
2026-09-11,Gold Bar,Gold Jewelry,4,5077705.0,46
2026-09-12,Brooch,Gold Jewelry,5,2439856.0,51
2026-09-13,Bracelet,Gold Jewelry,7,4295313.0,9
2026-09-14,Pendant,Gold Jewelry,6,5176569.0,54
2026-09-15,Ring,Gold Jewelry,4,3048090.0,59
2026-09-16,Brooch,Gold Jewelry,9,3226065.0,42
2026-09-17,Ring,Gold Jewelry,5,3099738.0,54
2026-09-18,Gold Bar,Gold Jewelry,13,3364925.0,33
2026-09-19,Bracelet,Gold Jewelry,3,4422512.0,6
2026-09-20,Necklace,Gold Jewelry,11,4783868.0,11
2026-09-21,Pendant,Gold Jewelry,8,3091567.0,46
2026-09-22,Earring,Gold Jewelry,12,5030707.0,63
2026-09-23,Necklace,Gold Jewelry,3,4673597.0,8
2026-09-24,Gold Bar,Gold Jewelry,0,4065236.0,33
2026-09-25,Brooch,Gold Jewelry,6,3886234.0,36
2026-09-26,Earring,Gold Jewelry,6,4843831.0,57
2026-09-27,Charm,Gold Jewelry,3,4468482.0,22
2026-09-28,Bangle,Gold Jewelry,12,2369207.0,83
2026-09-29,Earring,Gold Jewelry,13,2598833.0,44
2026-09-30,Gold Bar,Gold Jewelry,2,3407463.0,31
2026-10-01,Anklet,Gold Jewelry,14,4228824.0,99
2026-10-02,Bangle,Gold Jewelry,0,4196645.0,83
2026-10-03,Ring,Gold Jewelry,18,4603785.0,36
2026-10-04,Pendant,Gold Jewelry,12,4039874.0,34
2026-10-05,Ring,Gold Jewelry,6,3155874.0,30
2026-10-06,Earring,Gold Jewelry,6,3210993.0,38
2026-10-07,Ring,Gold Jewelry,14,4815362.0,16
2026-10-08,Gold Bar,Gold Jewelry,26,3101299.0,5
2026-10-09,Charm,Gold Jewelry,14,4402610.0,8
2026-10-10,Brooch,Gold Jewelry,2,5208897.0,34
2026-10-11,Pendant,Gold Jewelry,26,3203459.0,8
2026-10-12,Ring,Gold Jewelry,2,4506033.0,14
2026-10-13,Ring,Gold Jewelry,0,4147744.0,14
2026-10-14,Earring,Gold Jewelry,28,5264360.0,10
2026-10-15,Brooch,Gold Jewelry,22,4617136.0,12
2026-10-16,Necklace,Gold Jewelry,0,3064596.0,8
2026-10-17,Ring,Gold Jewelry,4,2580091.0,10
2026-10-18,Gold Bar,Gold Jewelry,0,3179550.0,5
2026-10-19,Anklet,Gold Jewelry,28,4689216.0,71
2026-10-20,Pendant,Gold Jewelry,26,4896087.0,82
2026-10-21,Ring,Gold Jewelry,4,2930160.0,6
2026-10-22,Gold Bar,Gold Jewelry,10,2593737.0,95
2026-10-23,Gold Bar,Gold Jewelry,14,2605049.0,81
2026-10-24,Pendant,Gold Jewelry,24,2976547.0,58
2026-10-25,Necklace,Gold Jewelry,22,4845719.0,86
2026-10-26,Gold Bar,Gold Jewelry,26,4240411.0,55
2026-10-27,Anklet,Gold Jewelry,18,3751920.0,53
2026-10-28,Gold Bar,Gold Jewelry,10,4511941.0,45
2026-10-29,Gold Bar,Gold Jewelry,8,5070946.0,37
2026-10-30,Gold Bar,Gold Jewelry,0,4088367.0,37
2026-10-31,Charm,Gold Jewelry,6,3783466.0,2
2026-11-01,Charm,Gold Jewelry,4,3695736.0,98
2026-11-02,Necklace,Gold Jewelry,24,4423062.0,62
2026-11-03,Ring,Gold Jewelry,6,4692132.0,100
2026-11-04,Gold Bar,Gold Jewelry,26,4170907.0,11
2026-11-05,Brooch,Gold Jewelry,12,2469998.0,100
2026-11-06,Ring,Gold Jewelry,0,3475585.0,100
2026-11-07,Necklace,Gold Jewelry,12,3061358.0,50
2026-11-08,Bracelet,Gold Jewelry,0,4858311.0,6
2026-11-09,Ring,Gold Jewelry,2,5157407.0,98
2026-11-10,Ring,Gold Jewelry,28,2383816.0,70
2026-11-11,Bangle,Gold Jewelry,6,2343638.0,77
2026-11-12,Earring,Gold Jewelry,0,5227601.0,10
2026-11-13,Bangle,Gold Jewelry,20,3137383.0,57
2026-11-14,Anklet,Gold Jewelry,22,4794159.0,31
2026-11-15,Charm,Gold Jewelry,20,5235362.0,78
2026-11-16,Charm,Gold Jewelry,28,2563552.0,50
2026-11-17,Earring,Gold Jewelry,20,2386264.0,90
2026-11-18,Pendant,Gold Jewelry,16,4563182.0,42
2026-11-19,Pendant,Gold Jewelry,22,3262138.0,20
2026-11-20,Necklace,Gold Jewelry,10,4241951.0,40
2026-11-21,Earring,Gold Jewelry,24,4013031.0,66
2026-11-22,Ring,Gold Jewelry,0,2661462.0,70
2026-11-23,Pendant,Gold Jewelry,0,3235355.0,20
2026-11-24,Gold Bar,Gold Jewelry,10,3760718.0,1
2026-11-25,Brooch,Gold Jewelry,6,4503780.0,94
2026-11-26,Ring,Gold Jewelry,6,4663280.0,64
2026-11-27,Anklet,Gold Jewelry,28,3155801.0,3
2026-11-28,Gold Bar,Gold Jewelry,20,3630116.0,81
2026-11-29,Gold Bar,Gold Jewelry,28,4450691.0,53
2026-11-30,Earring,Gold Jewelry,10,2501353.0,56
2026-12-01,Necklace,Gold Jewelry,28,2462435.0,12
2026-12-02,Anklet,Gold Jewelry,26,3933306.0,77
2026-12-03,Pendant,Gold Jewelry,22,3688806.0,98
2026-12-04,Earring,Gold Jewelry,0,4501205.0,56
2026-12-05,Pendant,Gold Jewelry,12,3581637.0,86
2026-12-06,Earring,Gold Jewelry,16,4139040.0,40
2026-12-07,Earring,Gold Jewelry,18,2438846.0,22
2026-12-08,Earring,Gold Jewelry,8,2682231.0,14
2026-12-09,Necklace,Gold Jewelry,16,2759341.0,96
2026-12-10,Earring,Gold Jewelry,6,2912685.0,8
2026-12-11,Bracelet,Gold Jewelry,24,3723891.0,82
2026-12-12,Brooch,Gold Jewelry,18,2471214.0,76
2026-12-13,Pendant,Gold Jewelry,2,4937653.0,84
2026-12-14,Ring,Gold Jewelry,4,3209329.0,60
2026-12-15,Bangle,Gold Jewelry,24,4086585.0,33
2026-12-16,Anklet,Gold Jewelry,20,4383110.0,57
2026-12-17,Charm,Gold Jewelry,0,3804575.0,50
2026-12-18,Necklace,Gold Jewelry,26,2758826.0,70
2026-12-19,Ring,Gold Jewelry,26,2795042.0,34
2026-12-20,Gold Bar,Gold Jewelry,10,3684644.0,43
2026-12-21,Bracelet,Gold Jewelry,24,5094083.0,58
2026-12-22,Charm,Gold Jewelry,10,2732397.0,40
2026-12-23,Bangle,Gold Jewelry,0,4820093.0,33
2026-12-24,Ring,Gold Jewelry,20,5341672.0,14
2026-12-25,Charm,Gold Jewelry,24,4197522.0,16
2026-12-26,Ring,Gold Jewelry,4,4993543.0,10
2026-12-27,Bracelet,Gold Jewelry,8,3886814.0,50
2026-12-28,Bangle,Gold Jewelry,4,4425087.0,29
2026-12-29,Gold Bar,Gold Jewelry,18,2790174.0,25
2026-12-30,Earring,Gold Jewelry,4,3372109.0,4
2026-12-31,Pendant,Gold Jewelry,26,2446909.0,58
2027-01-01,Gold Bar,Gold Jewelry,9,3063876.0,16
2027-01-02,Earring,Gold Jewelry,2,4360641.0,2
2027-01-03,Necklace,Gold Jewelry,4,3422600.0,66
2027-01-04,Brooch,Gold Jewelry,12,4939082.0,64
2027-01-05,Anklet,Gold Jewelry,4,3650440.0,53
2027-01-06,Anklet,Gold Jewelry,3,3590951.0,50
2027-01-07,Pendant,Gold Jewelry,0,3304800.0,58
2027-01-08,Bangle,Gold Jewelry,4,4296216.0,25
2027-01-09,Bracelet,Gold Jewelry,9,4290672.0,41
2027-01-10,Bangle,Gold Jewelry,4,,21
2027-01-11,Bracelet,Gold Jewelry,0,3503754.0,41
2027-01-12,Bangle,Gold Jewelry,5,3417880.0,16
2027-01-13,Brooch,Gold Jewelry,9,3258553.0,55
2027-01-14,Necklace,Gold Jewelry,3,3936616.0,63
2027-01-15,Necklace,Gold Jewelry,13,5275609.0,50
2027-01-16,Earring,Gold Jewelry,6,3818750.0,96
2027-01-17,Charm,Gold Jewelry,6,3485186.0,10
2027-01-18,Necklace,Gold Jewelry,1,4017207.0,49
2027-01-19,Necklace,Gold Jewelry,2,5102677.0,47
2027-01-20,Gold Bar,Gold Jewelry,0,4128267.0,16
2027-01-21,Gold Bar,Gold Jewelry,7,,9
2027-01-22,Earring,Gold Jewelry,8,4650919.0,88
2027-01-23,Charm,Gold Jewelry,3,4284241.0,7
2027-01-24,Pendant,Gold Jewelry,5,4629141.0,53
2027-01-25,Gold Bar,Gold Jewelry,8,2721126.0,1
2027-01-26,Pendant,Gold Jewelry,5,4056497.0,48
2027-01-27,Ring,Gold Jewelry,13,4783514.0,97
2027-01-28,Gold Bar,Gold Jewelry,11,3291581.0,90
2027-01-29,Brooch,Gold Jewelry,11,4221360.0,44
2027-01-30,Charm,Gold Jewelry,11,3516911.0,96
2027-01-31,Earring,Gold Jewelry,8,4050357.0,80
2027-02-01,Ring,Gold Jewelry,14,5293011.0,83
2027-02-02,Charm,Gold Jewelry,3,4126030.0,93
2027-02-03,Brooch,Gold Jewelry,7,4580600.0,37
2027-02-04,Charm,Gold Jewelry,8,3897331.0,85
2027-02-05,Brooch,Gold Jewelry,3,2676351.0,34
2027-02-06,Brooch,Gold Jewelry,4,2680986.0,30
2027-02-07,Pendant,Gold Jewelry,13,4493913.0,35
2027-02-08,Bangle,Gold Jewelry,7,4849912.0,9
2027-02-09,Ring,Gold Jewelry,11,4407284.0,72
2027-02-10,Charm,Gold Jewelry,9,3238605.0,76
2027-02-11,Bracelet,Gold Jewelry,13,3728001.0,28
2027-02-12,Ring,Gold Jewelry,5,4758948.0,67
2027-02-13,Bangle,Gold Jewelry,11,3702323.0,98
2027-02-14,Ring,Gold Jewelry,6,3157692.0,61
2027-02-15,Necklace,Gold Jewelry,2,4060700.0,45
2027-02-16,Bracelet,Gold Jewelry,0,2816745.0,28
2027-02-17,Bangle,Gold Jewelry,11,3026287.0,87
2027-02-18,Pendant,Gold Jewelry,13,3062812.0,22
2027-02-19,Charm,Gold Jewelry,7,5322477.0,69
2027-02-20,Anklet,Gold Jewelry,9,5177948.0,41
2027-02-21,Bangle,Gold Jewelry,5,3748626.0,82
2027-02-22,Earring,Gold Jewelry,0,4813355.0,80
2027-02-23,Charm,Gold Jewelry,9,2736366.0,60
2027-02-24,Bangle,Gold Jewelry,8,3167107.0,74
2027-02-25,Necklace,Gold Jewelry,12,2929144.0,33
2027-02-26,Anklet,Gold Jewelry,5,3045416.0,36
2027-02-27,Necklace,Gold Jewelry,11,3409503.0,22
2027-02-28,Anklet,Gold Jewelry,8,3928263.0,28
2027-03-01,Earring,Gold Jewelry,12,5168237.0,68
2027-03-02,Charm,Gold Jewelry,3,4102542.0,57
2027-03-03,Pendant,Gold Jewelry,7,4288128.0,15
2027-03-04,Necklace,Gold Jewelry,10,3870620.0,12
2027-03-05,Necklace,Gold Jewelry,3,3571346.0,9
2027-03-06,Brooch,Gold Jewelry,1,4389569.0,29
2027-03-07,Anklet,Gold Jewelry,9,4246895.0,19
2027-03-08,Gold Bar,Gold Jewelry,10,4826759.0,80
2027-03-09,Charm,Gold Jewelry,8,3387836.0,49
2027-03-10,Anklet,Gold Jewelry,4,3166286.0,15
2027-03-11,Brooch,Gold Jewelry,3,3429433.0,26
2027-03-12,Ring,Gold Jewelry,1,5262943.0,60
2027-03-13,Anklet,Gold Jewelry,0,3366520.0,15
2027-03-14,Pendant,Gold Jewelry,10,4851979.0,5
2027-03-15,Charm,Gold Jewelry,6,4036425.0,43
2027-03-16,Brooch,Gold Jewelry,5,4434816.0,21
2027-03-17,Ring,Gold Jewelry,14,2464253.0,46
2027-03-18,Bracelet,Gold Jewelry,14,5371358.0,14
2027-03-19,Brooch,Gold Jewelry,1,3856379.0,20
2027-03-20,Bracelet,Gold Jewelry,7,3876608.0,7
2027-03-21,Charm,Gold Jewelry,10,3476484.0,33
2027-03-22,Necklace,Gold Jewelry,3,2529116.0,6
2027-03-23,Brooch,Gold Jewelry,7,3428280.0,13
2027-03-24,Earring,Gold Jewelry,14,3061496.0,54
2027-03-25,Bracelet,Gold Jewelry,6,4521065.0,1
2027-03-26,Pendant,Gold Jewelry,4,5142090.0,1
2027-03-27,Earring,Gold Jewelry,9,3278446.0,45
2027-03-28,Bangle,Gold Jewelry,9,3512934.0,65
2027-03-29,Bangle,Gold Jewelry,11,4571849.0,54
2027-03-30,Ring,Gold Jewelry,7,2902992.0,39
2027-03-31,Necklace,Gold Jewelry,13,4206225.0,93
2027-04-01,Charm,Gold Jewelry,8,4730644.0,25
2027-04-02,Brooch,Gold Jewelry,4,3196333.0,9
2027-04-03,Gold Bar,Gold Jewelry,9,4934222.0,71
2027-04-04,Pendant,Gold Jewelry,4,2487740.0,97
2027-04-05,Bracelet,Gold Jewelry,1,2647595.0,100
2027-04-06,Charm,Gold Jewelry,4,3983786.0,21
2027-04-07,Earring,Gold Jewelry,2,3740042.0,43
2027-04-08,Bangle,Gold Jewelry,6,4361561.0,48
2027-04-09,Pendant,Gold Jewelry,9,4800814.0,88
2027-04-10,Gold Bar,Gold Jewelry,4,3252857.0,67
2027-04-11,Brooch,Gold Jewelry,7,2605920.0,2
2027-04-12,Ring,Gold Jewelry,0,3313832.0,39
2027-04-13,Gold Bar,Gold Jewelry,2,3295854.0,65
2027-04-14,Pendant,Gold Jewelry,2,4745728.0,86
2027-04-15,Gold Bar,Gold Jewelry,8,3488775.0,57
2027-04-16,Pendant,Gold Jewelry,4,4952457.0,82
2027-04-17,Pendant,Gold Jewelry,11,2581187.0,71
2027-04-18,Anklet,Gold Jewelry,8,2873650.0,7
2027-04-19,Bracelet,Gold Jewelry,12,2928551.0,88
2027-04-20,Bangle,Gold Jewelry,8,3982018.0,40
2027-04-21,Anklet,Gold Jewelry,0,3474096.0,7
2027-04-22,Brooch,Gold Jewelry,1,4103178.0,1
2027-04-23,Anklet,Gold Jewelry,4,2588527.0,3
2027-04-24,Necklace,Gold Jewelry,3,5289296.0,90
2027-04-25,Necklace,Gold Jewelry,14,5166804.0,76
2027-04-26,Bangle,Gold Jewelry,9,4010319.0,31
2027-04-27,Gold Bar,Gold Jewelry,8,3646697.0,49
2027-04-28,Bracelet,Gold Jewelry,6,3411297.0,82
2027-04-29,Bangle,Gold Jewelry,0,3944373.0,31
2027-04-30,Pendant,Gold Jewelry,6,4771796.0,65
2027-05-01,Earring,Gold Jewelry,0,4587077.0,43
2027-05-02,Bracelet,Gold Jewelry,0,4892012.0,82
2027-05-03,Bracelet,Gold Jewelry,7,3020557.0,75
2027-05-04,Pendant,Gold Jewelry,12,3416621.0,53
2027-05-05,Pendant,Gold Jewelry,12,3826757.0,41
2027-05-06,Ring,Gold Jewelry,1,4152549.0,38
2027-05-07,Bangle,Gold Jewelry,11,2911442.0,20
2027-05-08,Pendant,Gold Jewelry,9,5356023.0,32
2027-05-09,Necklace,Gold Jewelry,10,3506921.0,66
2027-05-10,Brooch,Gold Jewelry,8,5306628.0,93
2027-05-11,Earring,Gold Jewelry,6,3850827.0,37
2027-05-12,Bangle,Gold Jewelry,5,4387374.0,15
2027-05-13,Charm,Gold Jewelry,0,3440869.0,21
2027-05-14,Necklace,Gold Jewelry,0,2925314.0,66
2027-05-15,Gold Bar,Gold Jewelry,1,4860462.0,48
2027-05-16,Pendant,Gold Jewelry,5,4184297.0,27
2027-05-17,Charm,Gold Jewelry,13,2530406.0,8
2027-05-18,Pendant,Gold Jewelry,0,4009817.0,27
2027-05-19,Bracelet,Gold Jewelry,1,5110375.0,74
2027-05-20,Necklace,Gold Jewelry,0,2819083.0,66
2027-05-21,Bracelet,Gold Jewelry,9,3456436.0,65
2027-05-22,Ring,Gold Jewelry,4,5327412.0,34
2027-05-23,Bracelet,Gold Jewelry,4,3438429.0,61
2027-05-24,Ring,Gold Jewelry,1,4045684.0,33
2027-05-25,Ring,Gold Jewelry,5,3586122.0,28
2027-05-26,Charm,Gold Jewelry,8,3041989.0,100
2027-05-27,Pendant,Gold Jewelry,1,5293913.0,26
2027-05-28,Gold Bar,Gold Jewelry,9,4766976.0,39
2027-05-29,Bracelet,Gold Jewelry,1,2923273.0,60
2027-05-30,Necklace,Gold Jewelry,2,4173485.0,64
2027-05-31,Ring,Gold Jewelry,12,4199989.0,16
2027-06-01,Pendant,Gold Jewelry,6,3359924.0,20
2027-06-02,Earring,Gold Jewelry,5,4844233.0,32
2027-06-03,Bangle,Gold Jewelry,11,5263736.0,4
2027-06-04,Charm,Gold Jewelry,7,3633855.0,93
2027-06-05,Gold Bar,Gold Jewelry,14,3130832.0,25
2027-06-06,Anklet,Gold Jewelry,7,3895591.0,96
2027-06-07,Charm,Gold Jewelry,5,3169948.0,88
2027-06-08,Earring,Gold Jewelry,11,4963284.0,21
2027-06-09,Bangle,Gold Jewelry,10,2514963.0,94
2027-06-10,Earring,Gold Jewelry,9,4635652.0,12
2027-06-11,Bracelet,Gold Jewelry,2,3701848.0,58
2027-06-12,Ring,Gold Jewelry,2,5104598.0,14
2027-06-13,Gold Bar,Gold Jewelry,14,3579683.0,11
2027-06-14,Brooch,Gold Jewelry,0,5313457.0,93
2027-06-15,Ring,Gold Jewelry,6,,8
2027-06-16,Brooch,Gold Jewelry,4,3295942.0,89
2027-06-17,Bangle,Gold Jewelry,3,2568576.0,91
2027-06-18,Pendant,Gold Jewelry,9,3556268.0,11
2027-06-19,Anklet,Gold Jewelry,14,3104629.0,82
2027-06-20,Necklace,Gold Jewelry,3,3167104.0,61
2027-06-21,Ring,Gold Jewelry,13,3252742.0,95
2027-06-22,Gold Bar,Gold Jewelry,3,3373630.0,8
2027-06-23,Earring,Gold Jewelry,5,,7
2027-06-24,Gold Bar,Gold Jewelry,14,3612294.0,94
2027-06-25,Bangle,Gold Jewelry,7,3854152.0,84
2027-06-26,Brooch,Gold Jewelry,7,2977480.0,82
2027-06-27,Earring,Gold Jewelry,4,4798188.0,3
2027-06-28,Necklace,Gold Jewelry,14,2490413.0,47
2027-06-29,Necklace,Gold Jewelry,0,5403132.0,47
2027-06-30,Ring,Gold Jewelry,3,4150994.0,92
2027-07-01,Bangle,Gold Jewelry,11,5127880.0,73
2027-07-02,Pendant,Gold Jewelry,13,3020430.0,98
2027-07-03,Bangle,Gold Jewelry,10,4590120.0,63
2027-07-04,Brooch,Gold Jewelry,12,3405202.0,70
2027-07-05,Gold Bar,Gold Jewelry,8,3123515.0,86
2027-07-06,Necklace,Gold Jewelry,7,3929867.0,40
2027-07-07,Gold Bar,Gold Jewelry,9,3373980.0,77
2027-07-08,Gold Bar,Gold Jewelry,11,2501056.0,66
2027-07-09,Gold Bar,Gold Jewelry,9,4608483.0,57
2027-07-10,Necklace,Gold Jewelry,0,5402775.0,40
2027-07-11,Charm,Gold Jewelry,14,3234452.0,74
2027-07-12,Bracelet,Gold Jewelry,1,3369380.0,57
2027-07-13,Brooch,Gold Jewelry,8,2887988.0,62
2027-07-14,Charm,Gold Jewelry,7,3094405.0,67
2027-07-15,Brooch,Gold Jewelry,13,4836467.0,49
2027-07-16,Earring,Gold Jewelry,2,3800768.0,1
2027-07-17,Bangle,Gold Jewelry,7,4324471.0,56
2027-07-18,Bangle,Gold Jewelry,11,5129394.0,45
2027-07-19,Anklet,Gold Jewelry,0,3978601.0,82
2027-07-20,Bangle,Gold Jewelry,9,4795344.0,36
2027-07-21,Necklace,Gold Jewelry,3,3871650.0,37
2027-07-22,Pendant,Gold Jewelry,2,2991005.0,96
2027-07-23,Ring,Gold Jewelry,0,3695958.0,92
2027-07-24,Anklet,Gold Jewelry,6,4536441.0,76
2027-07-25,Ring,Gold Jewelry,3,3634772.0,89
2027-07-26,Brooch,Gold Jewelry,6,4570146.0,43
2027-07-27,Ring,Gold Jewelry,8,5356318.0,81
2027-07-28,Ring,Gold Jewelry,10,4635452.0,71
2027-07-29,Anklet,Gold Jewelry,1,4872745.0,75
2027-07-30,Earring,Gold Jewelry,10,3031693.0,91
2027-07-31,Gold Bar,Gold Jewelry,2,3816092.0,55
2027-08-01,Bangle,Gold Jewelry,4,4218378.0,32
2027-08-02,Bangle,Gold Jewelry,2,5085131.0,30
2027-08-03,Necklace,Gold Jewelry,10,3965551.0,27
2027-08-04,Anklet,Gold Jewelry,7,4909331.0,68
2027-08-05,Necklace,Gold Jewelry,11,4179517.0,16
2027-08-06,Pendant,Gold Jewelry,0,2828554.0,96
2027-08-07,Pendant,Gold Jewelry,7,3729715.0,89
2027-08-08,Necklace,Gold Jewelry,7,3641170.0,9
2027-08-09,Anklet,Gold Jewelry,11,3155667.0,57
2027-08-10,Necklace,Gold Jewelry,11,5324383.0,98
2027-08-11,Bangle,Gold Jewelry,8,3601424.0,22
2027-08-12,Charm,Gold Jewelry,3,3693093.0,64
2027-08-13,Bracelet,Gold Jewelry,4,4491017.0,53
2027-08-14,Ring,Gold Jewelry,4,5367560.0,67
2027-08-15,Bracelet,Gold Jewelry,7,2922972.0,46
2027-08-16,Anklet,Gold Jewelry,6,2921399.0,51
2027-08-17,Bracelet,Gold Jewelry,0,2960215.0,46
2027-08-18,Pendant,Gold Jewelry,14,3180136.0,75
2027-08-19,Brooch,Gold Jewelry,14,4479482.0,29
2027-08-20,Ring,Gold Jewelry,13,2900662.0,54
2027-08-21,Gold Bar,Gold Jewelry,7,4133562.0,48
2027-08-22,Anklet,Gold Jewelry,1,5348702.0,50
2027-08-23,Ring,Gold Jewelry,9,4470415.0,45
2027-08-24,Bracelet,Gold Jewelry,11,2527595.0,35
2027-08-25,Pendant,Gold Jewelry,3,4004722.0,72
2027-08-26,Earring,Gold Jewelry,5,4972770.0,86
2027-08-27,Charm,Gold Jewelry,11,4346205.0,53
2027-08-28,Gold Bar,Gold Jewelry,1,4447127.0,47
2027-08-29,Charm,Gold Jewelry,6,4079874.0,47
2027-08-30,Ring,Gold Jewelry,2,3951415.0,43
2027-08-31,Pendant,Gold Jewelry,12,2836067.0,60
2027-09-01,Pendant,Gold Jewelry,2,4193326.0,58
2027-09-02,Bracelet,Gold Jewelry,10,4546385.0,25
2027-09-03,Bangle,Gold Jewelry,1,3928746.0,21
2027-09-04,Bracelet,Gold Jewelry,10,4968223.0,15
2027-09-05,Bangle,Gold Jewelry,7,4855822.0,14
2027-09-06,Bangle,Gold Jewelry,5,3864645.0,9
2027-09-07,Gold Bar,Gold Jewelry,0,3833885.0,47
2027-09-08,Bracelet,Gold Jewelry,11,4858573.0,4
2027-09-09,Earring,Gold Jewelry,0,4760963.0,86
2027-09-10,Necklace,Gold Jewelry,6,5029032.0,92
2027-09-11,Necklace,Gold Jewelry,7,3325940.0,85
2027-09-12,Bracelet,Gold Jewelry,4,4341691.0,100
2027-09-13,Bracelet,Gold Jewelry,11,3148530.0,89
2027-09-14,Charm,Gold Jewelry,10,5263401.0,37
2027-09-15,Gold Bar,Gold Jewelry,4,3990904.0,43
2027-09-16,Bracelet,Gold Jewelry,3,3193895.0,86
2027-09-17,Charm,Gold Jewelry,13,4932338.0,24
2027-09-18,Bangle,Gold Jewelry,5,2740144.0,4
2027-09-19,Pendant,Gold Jewelry,13,3739860.0,45
2027-09-20,Pendant,Gold Jewelry,5,3272505.0,40
2027-09-21,Bangle,Gold Jewelry,2,4924771.0,2
2027-09-22,Anklet,Gold Jewelry,8,5046565.0,42
2027-09-23,Charm,Gold Jewelry,11,3647234.0,13
2027-09-24,Charm,Gold Jewelry,10,4344585.0,3
2027-09-25,Bangle,Gold Jewelry,13,5459383.0,89
2027-09-26,Earring,Gold Jewelry,6,5402760.0,80
2027-09-27,Brooch,Gold Jewelry,0,3612048.0,29
2027-09-28,Ring,Gold Jewelry,14,3406450.0,29
2027-09-29,Bangle,Gold Jewelry,12,4032083.0,77
2027-09-30,Bracelet,Gold Jewelry,6,3983795.0,80
2027-10-01,Bracelet,Gold Jewelry,8,2783640.0,72
2027-10-02,Gold Bar,Gold Jewelry,8,4110795.0,35
2027-10-03,Bangle,Gold Jewelry,26,5248108.0,51
2027-10-04,Gold Bar,Gold Jewelry,24,3718358.0,11
2027-10-05,Bangle,Gold Jewelry,2,3062481.0,49
2027-10-06,Charm,Gold Jewelry,6,4547321.0,97
2027-10-07,Ring,Gold Jewelry,22,2613444.0,7
2027-10-08,Charm,Gold Jewelry,10,4302519.0,87
2027-10-09,Brooch,Gold Jewelry,18,4548254.0,11
2027-10-10,Pendant,Gold Jewelry,28,4850724.0,12
2027-10-11,Necklace,Gold Jewelry,20,4465191.0,65
2027-10-12,Bangle,Gold Jewelry,12,2704097.0,37
2027-10-13,Brooch,Gold Jewelry,20,5435600.0,91
2027-10-14,Pendant,Gold Jewelry,8,5217236.0,4
2027-10-15,Anklet,Gold Jewelry,0,4893865.0,42
2027-10-16,Ring,Gold Jewelry,4,4462341.0,3
2027-10-17,Gold Bar,Gold Jewelry,0,3483237.0,11
2027-10-18,Gold Bar,Gold Jewelry,6,3643387.0,5
2027-10-19,Charm,Gold Jewelry,16,3749197.0,71
2027-10-20,Bracelet,Gold Jewelry,6,4988324.0,66
2027-10-21,Pendant,Gold Jewelry,2,4379329.0,2
2027-10-22,Anklet,Gold Jewelry,18,4529807.0,24
2027-10-23,Brooch,Gold Jewelry,26,2966651.0,65
2027-10-24,Ring,Gold Jewelry,26,5151439.0,77
2027-10-25,Pendant,Gold Jewelry,8,4017814.0,94
2027-10-26,Anklet,Gold Jewelry,4,3758199.0,20
2027-10-27,Necklace,Gold Jewelry,24,3210032.0,41
2027-10-28,Bangle,Gold Jewelry,22,2810866.0,15
2027-10-29,Gold Bar,Gold Jewelry,24,3312557.0,81
2027-10-30,Brooch,Gold Jewelry,16,2714237.0,49
2027-10-31,Gold Bar,Gold Jewelry,6,4559089.0,75
2027-11-01,Brooch,Gold Jewelry,10,5145299.0,39
2027-11-02,Charm,Gold Jewelry,2,3478311.0,69
2027-11-03,Bracelet,Gold Jewelry,10,5250426.0,56
2027-11-04,Brooch,Gold Jewelry,4,4324018.0,35
2027-11-05,Gold Bar,Gold Jewelry,22,3851559.0,53
2027-11-06,Charm,Gold Jewelry,22,5456037.0,47
2027-11-07,Brooch,Gold Jewelry,16,4666674.0,19
2027-11-08,Necklace,Gold Jewelry,20,4847885.0,21
2027-11-09,Bracelet,Gold Jewelry,2,5016254.0,54
2027-11-10,Brooch,Gold Jewelry,28,3943469.0,91
2027-11-11,Charm,Gold Jewelry,22,4626637.0,25
2027-11-12,Pendant,Gold Jewelry,22,3995747.0,72
2027-11-13,Earring,Gold Jewelry,16,4338920.0,64
2027-11-14,Anklet,Gold Jewelry,8,4506347.0,12
2027-11-15,Earring,Gold Jewelry,14,4733853.0,50
2027-11-16,Earring,Gold Jewelry,2,2731852.0,48
2027-11-17,Ring,Gold Jewelry,10,4200502.0,67
2027-11-18,Necklace,Gold Jewelry,4,2710014.0,17
2027-11-19,Pendant,Gold Jewelry,0,5068245.0,72
2027-11-20,Bangle,Gold Jewelry,22,3325158.0,93
2027-11-21,Brooch,Gold Jewelry,26,5241845.0,65
2027-11-22,Anklet,Gold Jewelry,18,4385096.0,94
2027-11-23,Bracelet,Gold Jewelry,8,3786624.0,46
2027-11-24,Pendant,Gold Jewelry,22,4264145.0,50
2027-11-25,Gold Bar,Gold Jewelry,14,4663171.0,39
2027-11-26,Bangle,Gold Jewelry,18,3491952.0,75
2027-11-27,Ring,Gold Jewelry,26,3840073.0,41
2027-11-28,Ring,Gold Jewelry,0,3119921.0,41
2027-11-29,Pendant,Gold Jewelry,8,4301394.0,42
2027-11-30,Charm,Gold Jewelry,4,5008399.0,21
2027-12-01,Earring,Gold Jewelry,6,4787750.0,42
2027-12-02,Gold Bar,Gold Jewelry,2,5282525.0,37
2027-12-03,Ring,Gold Jewelry,16,4351036.0,25
2027-12-04,Anklet,Gold Jewelry,4,4623434.0,90
2027-12-05,Ring,Gold Jewelry,28,4075326.0,97
2027-12-06,Bracelet,Gold Jewelry,2,5461479.0,44
2027-12-07,Brooch,Gold Jewelry,18,5049399.0,47
2027-12-08,Ring,Gold Jewelry,20,3004258.0,77
2027-12-09,Bracelet,Gold Jewelry,16,3491205.0,28
2027-12-10,Pendant,Gold Jewelry,12,5008395.0,30
2027-12-11,Pendant,Gold Jewelry,10,4660091.0,20
2027-12-12,Bangle,Gold Jewelry,0,3504149.0,75
2027-12-13,Ring,Gold Jewelry,8,3324635.0,69
2027-12-14,Anklet,Gold Jewelry,22,3472548.0,68
2027-12-15,Ring,Gold Jewelry,20,4403071.0,49
2027-12-16,Anklet,Gold Jewelry,26,3067536.0,42
2027-12-17,Necklace,Gold Jewelry,28,3967989.0,89
2027-12-18,Bangle,Gold Jewelry,20,4573209.0,55
2027-12-19,Necklace,Gold Jewelry,4,3408196.0,85
2027-12-20,Ring,Gold Jewelry,0,3742032.0,49
2027-12-21,Bangle,Gold Jewelry,6,3541074.0,49
2027-12-22,Necklace,Gold Jewelry,24,3006962.0,61
2027-12-23,Earring,Gold Jewelry,2,5534620.0,40
2027-12-24,Ring,Gold Jewelry,2,3218119.0,47
2027-12-25,Necklace,Gold Jewelry,4,4988975.0,57
2027-12-26,Earring,Gold Jewelry,14,3721292.0,26
2027-12-27,Earring,Gold Jewelry,14,4513183.0,12
2027-12-28,Pendant,Gold Jewelry,22,4361750.0,98
2027-12-29,Ring,Gold Jewelry,28,4818759.0,19
2027-12-30,Earring,Gold Jewelry,12,2955819.0,100
2027-12-31,Pendant,Gold Jewelry,10,4996308.0,88
2028-01-01,Necklace,Gold Jewelry,8,2822035.0,49
2028-01-02,Bracelet,Gold Jewelry,3,3494405.0,25
2028-01-03,Ring,Gold Jewelry,11,5028517.0,8
2028-01-04,Bangle,Gold Jewelry,0,3170825.0,49
2028-01-05,Anklet,Gold Jewelry,7,3466972.0,35
2028-01-06,Anklet,Gold Jewelry,6,4828581.0,29
2028-01-07,Necklace,Gold Jewelry,6,4555017.0,43
2028-01-08,Charm,Gold Jewelry,14,3372935.0,7
2028-01-09,Charm,Gold Jewelry,2,4613862.0,5
2028-01-10,Necklace,Gold Jewelry,3,,40
2028-01-11,Earring,Gold Jewelry,0,3141074.0,100
2028-01-12,Ring,Gold Jewelry,8,4987138.0,100
2028-01-13,Anklet,Gold Jewelry,0,2658427.0,29
2028-01-14,Anklet,Gold Jewelry,5,4403916.0,24
2028-01-15,Earring,Gold Jewelry,14,,86
2028-01-16,Anklet,Gold Jewelry,14,4951524.0,10
2028-01-17,Bangle,Gold Jewelry,4,2578886.0,45
2028-01-18,Ring,Gold Jewelry,0,3782402.0,100
2028-01-19,Brooch,Gold Jewelry,8,3895522.0,39
2028-01-20,Anklet,Gold Jewelry,0,3928535.0,10
2028-01-21,Necklace,Gold Jewelry,4,2809656.0,36
2028-01-22,Bangle,Gold Jewelry,13,3407776.0,32
2028-01-23,Anklet,Gold Jewelry,3,3511622.0,7
2028-01-24,Bangle,Gold Jewelry,13,3028450.0,19
2028-01-25,Pendant,Gold Jewelry,3,2882758.0,85
2028-01-26,Brooch,Gold Jewelry,11,4905876.0,28
2028-01-27,Gold Bar,Gold Jewelry,0,4858854.0,37
2028-01-28,Necklace,Gold Jewelry,6,2675589.0,30
2028-01-29,Necklace,Gold Jewelry,8,3755482.0,22
2028-01-30,Ring,Gold Jewelry,2,3181003.0,98
2028-01-31,Bangle,Gold Jewelry,11,2756339.0,8
2028-02-01,Earring,Gold Jewelry,12,5453228.0,74
2028-02-02,Necklace,Gold Jewelry,14,5023950.0,8
2028-02-03,Bangle,Gold Jewelry,1,3070453.0,7
2028-02-04,Bangle,Gold Jewelry,2,4919090.0,5
2028-02-05,Bracelet,Gold Jewelry,0,5492053.0,25
2028-02-06,Bracelet,Gold Jewelry,5,5089555.0,20
2028-02-07,Gold Bar,Gold Jewelry,10,5556193.0,27
2028-02-08,Pendant,Gold Jewelry,10,3012372.0,75
2028-02-09,Gold Bar,Gold Jewelry,6,5074743.0,21
2028-02-10,Anklet,Gold Jewelry,10,4123311.0,97
2028-02-11,Earring,Gold Jewelry,10,3450894.0,64
2028-02-12,Anklet,Gold Jewelry,1,4224542.0,96
2028-02-13,Charm,Gold Jewelry,7,4559073.0,98
2028-02-14,Anklet,Gold Jewelry,13,5106155.0,83
2028-02-15,Ring,Gold Jewelry,5,3323492.0,93
2028-02-16,Anklet,Gold Jewelry,13,,70
2028-02-17,Gold Bar,Gold Jewelry,3,4481332.0,18
2028-02-18,Necklace,Gold Jewelry,0,5264136.0,8
2028-02-19,Necklace,Gold Jewelry,7,5070578.0,1
2028-02-20,Bracelet,Gold Jewelry,13,4050581.0,7
2028-02-21,Earring,Gold Jewelry,2,4143889.0,62
2028-02-22,Earring,Gold Jewelry,2,4972646.0,60
2028-02-23,Ring,Gold Jewelry,13,4119491.0,80
2028-02-24,Gold Bar,Gold Jewelry,14,3212499.0,4
2028-02-25,Bracelet,Gold Jewelry,13,3314538.0,94
2028-02-26,Charm,Gold Jewelry,10,3635170.0,88
2028-02-27,Earring,Gold Jewelry,3,4498967.0,57
2028-02-28,Necklace,Gold Jewelry,0,3527422.0,1
2028-02-29,Anklet,Gold Jewelry,0,4417749.0,70
2028-03-01,Anklet,Gold Jewelry,7,4261949.0,63
2028-03-02,Bracelet,Gold Jewelry,7,3043590.0,87
2028-03-03,Gold Bar,Gold Jewelry,13,4137567.0,91
2028-03-04,Gold Bar,Gold Jewelry,9,4012284.0,82
2028-03-05,Pendant,Gold Jewelry,5,3696874.0,70
2028-03-06,Brooch,Gold Jewelry,6,5579610.0,22
2028-03-07,Earring,Gold Jewelry,5,4879256.0,52
2028-03-08,Gold Bar,Gold Jewelry,8,4788282.0,74
2028-03-09,Necklace,Gold Jewelry,2,5487248.0,99
2028-03-10,Bracelet,Gold Jewelry,13,5370107.0,74
2028-03-11,Charm,Gold Jewelry,2,2612757.0,86
2028-03-12,Pendant,Gold Jewelry,2,2990427.0,68
2028-03-13,Bangle,Gold Jewelry,9,5563073.0,96
2028-03-14,Ring,Gold Jewelry,2,3569257.0,78
2028-03-15,Charm,Gold Jewelry,8,3685767.0,78
2028-03-16,Bangle,Gold Jewelry,11,4640845.0,85
2028-03-17,Anklet,Gold Jewelry,3,4238132.0,60
2028-03-18,Ring,Gold Jewelry,12,3004829.0,66
2028-03-19,Earring,Gold Jewelry,6,5221966.0,46
2028-03-20,Necklace,Gold Jewelry,13,5433602.0,86
2028-03-21,Ring,Gold Jewelry,14,3131398.0,52
2028-03-22,Brooch,Gold Jewelry,8,4134933.0,14
2028-03-23,Bangle,Gold Jewelry,10,2913829.0,75
2028-03-24,Earring,Gold Jewelry,11,5545151.0,35
2028-03-25,Brooch,Gold Jewelry,6,3816722.0,8
2028-03-26,Anklet,Gold Jewelry,8,3631482.0,52
2028-03-27,Brooch,Gold Jewelry,11,4157496.0,97
2028-03-28,Pendant,Gold Jewelry,2,4134812.0,66
2028-03-29,Pendant,Gold Jewelry,14,5511266.0,52
2028-03-30,Bracelet,Gold Jewelry,3,4543144.0,71
2028-03-31,Charm,Gold Jewelry,13,5233228.0,65
2028-04-01,Charm,Gold Jewelry,7,3458256.0,58
2028-04-02,Earring,Gold Jewelry,5,4589457.0,30
2028-04-03,Anklet,Gold Jewelry,4,2594917.0,48
2028-04-04,Gold Bar,Gold Jewelry,0,3445507.0,74
2028-04-05,Pendant,Gold Jewelry,3,5551102.0,49
2028-04-06,Earring,Gold Jewelry,7,5470127.0,23
2028-04-07,Gold Bar,Gold Jewelry,0,5366574.0,74
2028-04-08,Charm,Gold Jewelry,13,2875643.0,45
2028-04-09,Bracelet,Gold Jewelry,8,2859091.0,63
2028-04-10,Brooch,Gold Jewelry,0,4101137.0,97
2028-04-11,Pendant,Gold Jewelry,0,3001157.0,49
2028-04-12,Earring,Gold Jewelry,3,5281109.0,20
2028-04-13,Ring,Gold Jewelry,8,4544692.0,44
2028-04-14,Gold Bar,Gold Jewelry,13,4756473.0,61
2028-04-15,Brooch,Gold Jewelry,10,2849265.0,87
2028-04-16,Pendant,Gold Jewelry,4,5135303.0,45
2028-04-17,Charm,Gold Jewelry,2,4972488.0,43
2028-04-18,Anklet,Gold Jewelry,0,3986322.0,48
2028-04-19,Gold Bar,Gold Jewelry,10,4902986.0,51
2028-04-20,Charm,Gold Jewelry,13,4409902.0,30
2028-04-21,Pendant,Gold Jewelry,13,4552902.0,32
2028-04-22,Gold Bar,Gold Jewelry,8,3738871.0,43
2028-04-23,Brooch,Gold Jewelry,3,2932821.0,84
2028-04-24,Pendant,Gold Jewelry,10,3264487.0,22
2028-04-25,Bangle,Gold Jewelry,3,2848877.0,72
2028-04-26,Earring,Gold Jewelry,11,4152919.0,9
2028-04-27,Brooch,Gold Jewelry,7,3526759.0,77
2028-04-28,Gold Bar,Gold Jewelry,1,4367869.0,42
2028-04-29,Anklet,Gold Jewelry,8,4840437.0,40
2028-04-30,Charm,Gold Jewelry,12,4199768.0,18
2028-05-01,Ring,Gold Jewelry,13,4821697.0,31
2028-05-02,Charm,Gold Jewelry,5,4075672.0,13
2028-05-03,Gold Bar,Gold Jewelry,8,5380685.0,34
2028-05-04,Charm,Gold Jewelry,7,4366463.0,6
2028-05-05,Earring,Gold Jewelry,14,4468997.0,95
2028-05-06,Pendant,Gold Jewelry,0,3396445.0,22
2028-05-07,Ring,Gold Jewelry,6,4029826.0,25
2028-05-08,Necklace,Gold Jewelry,12,2898163.0,74
2028-05-09,Gold Bar,Gold Jewelry,13,3393163.0,21
2028-05-10,Bracelet,Gold Jewelry,0,4469947.0,63
2028-05-11,Necklace,Gold Jewelry,13,4042290.0,61
2028-05-12,Charm,Gold Jewelry,11,3607953.0,95
2028-05-13,Gold Bar,Gold Jewelry,2,4726147.0,19
2028-05-14,Bangle,Gold Jewelry,10,4735211.0,62
2028-05-15,Bracelet,Gold Jewelry,13,3136244.0,50
2028-05-16,Ring,Gold Jewelry,1,4692467.0,24
2028-05-17,Anklet,Gold Jewelry,4,4015769.0,36
2028-05-18,Bangle,Gold Jewelry,14,5111889.0,48
2028-05-19,Necklace,Gold Jewelry,4,5336440.0,57
2028-05-20,Pendant,Gold Jewelry,4,4342555.0,18
2028-05-21,Earring,Gold Jewelry,0,3062755.0,95
2028-05-22,Anklet,Gold Jewelry,4,3106551.0,32
2028-05-23,Bangle,Gold Jewelry,2,3444782.0,46
2028-05-24,Pendant,Gold Jewelry,11,3058939.0,7
2028-05-25,Pendant,Gold Jewelry,0,3694093.0,7
2028-05-26,Gold Bar,Gold Jewelry,4,3035966.0,15
2028-05-27,Bangle,Gold Jewelry,12,3885134.0,34
2028-05-28,Ring,Gold Jewelry,8,5194763.0,16
2028-05-29,Charm,Gold Jewelry,12,5594716.0,83
2028-05-30,Bracelet,Gold Jewelry,8,5203934.0,42
2028-05-31,Bracelet,Gold Jewelry,3,4131590.0,39
2028-06-01,Necklace,Gold Jewelry,2,4189115.0,55
2028-06-02,Necklace,Gold Jewelry,0,4518554.0,55
2028-06-03,Bracelet,Gold Jewelry,1,3145896.0,38
2028-06-04,Ring,Gold Jewelry,0,3779262.0,16
2028-06-05,Earring,Gold Jewelry,0,4286515.0,95
2028-06-06,Brooch,Gold Jewelry,7,3573272.0,70
2028-06-07,Charm,Gold Jewelry,12,3346278.0,71
2028-06-08,Earring,Gold Jewelry,6,4163178.0,89
2028-06-09,Gold Bar,Gold Jewelry,14,4374224.0,1
2028-06-10,Brooch,Gold Jewelry,7,5034126.0,63
2028-06-11,Brooch,Gold Jewelry,11,4778098.0,52
2028-06-12,Bangle,Gold Jewelry,5,3340943.0,29
2028-06-13,Ring,Gold Jewelry,11,4105290.0,5
2028-06-14,Ring,Gold Jewelry,13,4867300.0,92
2028-06-15,Brooch,Gold Jewelry,14,2661585.0,38
2028-06-16,Bangle,Gold Jewelry,14,3997291.0,15
2028-06-17,Charm,Gold Jewelry,0,5252658.0,71
2028-06-18,Brooch,Gold Jewelry,2,4580939.0,36
2028-06-19,Anklet,Gold Jewelry,9,5070564.0,23
2028-06-20,Necklace,Gold Jewelry,3,4193336.0,52
2028-06-21,Necklace,Gold Jewelry,0,2669403.0,52
2028-06-22,Earring,Gold Jewelry,5,3886137.0,84
2028-06-23,Gold Bar,Gold Jewelry,7,4632673.0,94
2028-06-24,Necklace,Gold Jewelry,4,4298900.0,48
2028-06-25,Pendant,Gold Jewelry,2,3247742.0,5
2028-06-26,Earring,Gold Jewelry,5,3148493.0,79
2028-06-27,Necklace,Gold Jewelry,3,4126517.0,45
2028-06-28,Gold Bar,Gold Jewelry,8,3506446.0,86
2028-06-29,Ring,Gold Jewelry,12,3279093.0,80
2028-06-30,Ring,Gold Jewelry,2,4105130.0,78
2028-07-01,Charm,Gold Jewelry,3,4172727.0,68
2028-07-02,Brooch,Gold Jewelry,6,4936905.0,30
2028-07-03,Anklet,Gold Jewelry,0,2671601.0,23
2028-07-04,Ring,Gold Jewelry,11,2642775.0,67
2028-07-05,Bangle,Gold Jewelry,11,4324861.0,4
2028-07-06,Necklace,Gold Jewelry,3,5228551.0,42
2028-07-07,Bangle,Gold Jewelry,5,4784271.0,99
2028-07-08,Gold Bar,Gold Jewelry,11,5151907.0,75
2028-07-09,Ring,Gold Jewelry,12,4448710.0,55
2028-07-10,Anklet,Gold Jewelry,2,4805301.0,21
2028-07-11,Gold Bar,Gold Jewelry,5,2670116.0,70
2028-07-12,Pendant,Gold Jewelry,11,3390055.0,94
2028-07-13,Pendant,Gold Jewelry,1,3878715.0,93
2028-07-14,Bangle,Gold Jewelry,7,2851903.0,92
2028-07-15,Brooch,Gold Jewelry,1,3925394.0,29
2028-07-16,Earring,Gold Jewelry,10,4542807.0,69
2028-07-17,Brooch,Gold Jewelry,6,3684718.0,23
2028-07-18,Charm,Gold Jewelry,8,2999365.0,60
2028-07-19,Brooch,Gold Jewelry,0,5645963.0,23
2028-07-20,Charm,Gold Jewelry,7,5032775.0,53
2028-07-21,Charm,Gold Jewelry,6,3009809.0,47
2028-07-22,Anklet,Gold Jewelry,5,2704863.0,16
2028-07-23,Ring,Gold Jewelry,5,4567077.0,50
2028-07-24,Anklet,Gold Jewelry,5,5242806.0,11
2028-07-25,Charm,Gold Jewelry,8,,39
2028-07-26,Gold Bar,Gold Jewelry,1,3428635.0,69
2028-07-27,Pendant,Gold Jewelry,0,3364840.0,93
2028-07-28,Charm,Gold Jewelry,12,2930495.0,27
2028-07-29,Anklet,Gold Jewelry,11,4997560.0,100
2028-07-30,Gold Bar,Gold Jewelry,5,3484257.0,64
2028-07-31,Anklet,Gold Jewelry,9,4499857.0,91
2028-08-01,Brooch,Gold Jewelry,10,4533262.0,13
2028-08-02,Necklace,Gold Jewelry,7,4527733.0,35
2028-08-03,Bangle,Gold Jewelry,2,3978173.0,90
2028-08-04,Earring,Gold Jewelry,11,4378250.0,58
2028-08-05,Anklet,Gold Jewelry,9,4378199.0,82
2028-08-06,Earring,Gold Jewelry,0,5355634.0,58
2028-08-07,Bracelet,Gold Jewelry,8,3357033.0,30
2028-08-08,Anklet,Gold Jewelry,12,3570938.0,70
2028-08-09,Necklace,Gold Jewelry,12,5499974.0,23
2028-08-10,Earring,Gold Jewelry,0,5325006.0,58
2028-08-11,Charm,Gold Jewelry,2,2793445.0,25
2028-08-12,Anklet,Gold Jewelry,7,3063051.0,63
2028-08-13,Ring,Gold Jewelry,0,4505700.0,50
2028-08-14,Bangle,Gold Jewelry,2,5327481.0,88
2028-08-15,Necklace,Gold Jewelry,12,3874705.0,11
2028-08-16,Earring,Gold Jewelry,3,5349923.0,55
2028-08-17,Necklace,Gold Jewelry,7,4912989.0,4
2028-08-18,Gold Bar,Gold Jewelry,0,3377147.0,64
2028-08-19,Bangle,Gold Jewelry,12,3570179.0,76
2028-08-20,Charm,Gold Jewelry,12,3535035.0,13
2028-08-21,Anklet,Gold Jewelry,0,4447611.0,63
2028-08-22,Anklet,Gold Jewelry,0,4939249.0,63
2028-08-23,Anklet,Gold Jewelry,13,4407166.0,50
2028-08-24,Bangle,Gold Jewelry,0,3700908.0,76
2028-08-25,Ring,Gold Jewelry,13,4127312.0,37
2028-08-26,Bracelet,Gold Jewelry,7,5242106.0,23
2028-08-27,Pendant,Gold Jewelry,10,3526625.0,83
2028-08-28,Brooch,Gold Jewelry,3,3163940.0,10
2028-08-29,Earring,Gold Jewelry,11,4139926.0,44
2028-08-30,Ring,Gold Jewelry,0,4120637.0,37
2028-08-31,Charm,Gold Jewelry,9,5542524.0,4
2028-09-01,Earring,Gold Jewelry,6,5411955.0,38
2028-09-02,Anklet,Gold Jewelry,4,4939409.0,46
2028-09-03,Necklace,Gold Jewelry,4,4489900.0,100
2028-09-04,Charm,Gold Jewelry,0,3943597.0,4
2028-09-05,Earring,Gold Jewelry,13,4375320.0,25
2028-09-06,Anklet,Gold Jewelry,9,4315608.0,37
2028-09-07,Earring,Gold Jewelry,10,2968099.0,15
2028-09-08,Necklace,Gold Jewelry,5,4230009.0,95
2028-09-09,Anklet,Gold Jewelry,13,3619022.0,24
2028-09-10,Bracelet,Gold Jewelry,8,5087515.0,15
2028-09-11,Ring,Gold Jewelry,8,5604075.0,29
2028-09-12,Gold Bar,Gold Jewelry,7,3272904.0,57
2028-09-13,Brooch,Gold Jewelry,4,2792341.0,6
2028-09-14,Bangle,Gold Jewelry,0,4389422.0,76
2028-09-15,Brooch,Gold Jewelry,8,2846434.0,98
2028-09-16,Charm,Gold Jewelry,0,4308734.0,4
2028-09-17,Brooch,Gold Jewelry,7,3812770.0,91
2028-09-18,Anklet,Gold Jewelry,4,2915068.0,20
2028-09-19,Bracelet,Gold Jewelry,2,3508788.0,13
2028-09-20,Gold Bar,Gold Jewelry,10,4877559.0,47
2028-09-21,Ring,Gold Jewelry,6,4283743.0,23
2028-09-22,Ring,Gold Jewelry,6,3531161.0,17
2028-09-23,Necklace,Gold Jewelry,8,3965576.0,87
2028-09-24,Bangle,Gold Jewelry,6,3259641.0,70
2028-09-25,Earring,Gold Jewelry,12,3386856.0,3
2028-09-26,Bracelet,Gold Jewelry,10,4531039.0,3
2028-09-27,Earring,Gold Jewelry,13,4321346.0,90
2028-09-28,Gold Bar,Gold Jewelry,2,2719683.0,45
2028-09-29,Brooch,Gold Jewelry,10,4898449.0,81
2028-09-30,Ring,Gold Jewelry,12,4143410.0,5
2028-10-01,Gold Bar,Gold Jewelry,28,3009434.0,17
2028-10-02,Brooch,Gold Jewelry,26,4487466.0,55
2028-10-03,Ring,Gold Jewelry,24,5068365.0,81
2028-10-04,Brooch,Gold Jewelry,0,3483583.0,55
2028-10-05,Bangle,Gold Jewelry,14,3150810.0,56
2028-10-06,Bracelet,Gold Jewelry,22,3925822.0,81
2028-10-07,Charm,Gold Jewelry,4,3244742.0,100
2028-10-08,Gold Bar,Gold Jewelry,22,3456223.0,95
2028-10-09,Gold Bar,Gold Jewelry,14,2797873.0,81
2028-10-10,Pendant,Gold Jewelry,14,3247988.0,69
2028-10-11,Anklet,Gold Jewelry,24,3700040.0,96
2028-10-12,Bangle,Gold Jewelry,8,3862304.0,48
2028-10-13,Bangle,Gold Jewelry,24,4724148.0,24
2028-10-14,Earring,Gold Jewelry,22,5641372.0,68
2028-10-15,Brooch,Gold Jewelry,24,4335409.0,31
2028-10-16,Anklet,Gold Jewelry,0,4171634.0,96
2028-10-17,Bracelet,Gold Jewelry,24,3606924.0,57
2028-10-18,Bracelet,Gold Jewelry,18,3559491.0,39
2028-10-19,Bangle,Gold Jewelry,12,4268245.0,12
2028-10-20,Bracelet,Gold Jewelry,22,4693117.0,17
2028-10-21,Pendant,Gold Jewelry,18,3613634.0,51
2028-10-22,Gold Bar,Gold Jewelry,8,4550797.0,73
2028-10-23,Necklace,Gold Jewelry,14,4132303.0,73
2028-10-24,Charm,Gold Jewelry,16,4881211.0,84
2028-10-25,Earring,Gold Jewelry,20,5626235.0,48
2028-10-26,Brooch,Gold Jewelry,26,3139136.0,5
2028-10-27,Charm,Gold Jewelry,12,4379752.0,72
2028-10-28,Brooch,Gold Jewelry,26,4993455.0,79
2028-10-29,Ring,Gold Jewelry,24,3209662.0,57
2028-10-30,Charm,Gold Jewelry,28,5269725.0,44
2028-10-31,Necklace,Gold Jewelry,12,5125777.0,61
2028-11-01,Bangle,Gold Jewelry,0,3607383.0,12
2028-11-02,Pendant,Gold Jewelry,28,3831048.0,23
2028-11-03,Gold Bar,Gold Jewelry,6,4087205.0,67
2028-11-04,Gold Bar,Gold Jewelry,2,4980542.0,65
2028-11-05,Pendant,Gold Jewelry,2,3649436.0,21
2028-11-06,Anklet,Gold Jewelry,2,4020121.0,94
2028-11-07,Ring,Gold Jewelry,6,4917625.0,51
2028-11-08,Brooch,Gold Jewelry,26,5071393.0,53
2028-11-09,Necklace,Gold Jewelry,0,4144351.0,61
2028-11-10,Bracelet,Gold Jewelry,28,4276336.0,89
2028-11-11,Charm,Gold Jewelry,6,4603917.0,38
2028-11-12,Ring,Gold Jewelry,2,3564323.0,49
2028-11-13,Charm,Gold Jewelry,8,3445574.0,30
2028-11-14,Necklace,Gold Jewelry,4,3031937.0,57
2028-11-15,Earring,Gold Jewelry,28,4523760.0,20
2028-11-16,Earring,Gold Jewelry,22,4798513.0,98
2028-11-17,Ring,Gold Jewelry,14,4962029.0,35
2028-11-18,Bangle,Gold Jewelry,0,4505501.0,12
2028-11-19,Necklace,Gold Jewelry,0,3581834.0,57
2028-11-20,Necklace,Gold Jewelry,0,4558587.0,57
2028-11-21,Pendant,Gold Jewelry,22,3153066.0,99
2028-11-22,Bangle,Gold Jewelry,18,5142575.0,94
2028-11-23,Brooch,Gold Jewelry,4,3330696.0,49
2028-11-24,Brooch,Gold Jewelry,28,4404970.0,21
2028-11-25,Bracelet,Gold Jewelry,16,2832062.0,73
2028-11-26,Gold Bar,Gold Jewelry,12,4080241.0,53
2028-11-27,Earring,Gold Jewelry,2,3745499.0,96
2028-11-28,Brooch,Gold Jewelry,28,5689530.0,93
2028-11-29,Bangle,Gold Jewelry,24,4578445.0,70
2028-11-30,Necklace,Gold Jewelry,16,5045848.0,41
2028-12-01,Brooch,Gold Jewelry,18,2922609.0,75
2028-12-02,Necklace,Gold Jewelry,2,4728255.0,39
2028-12-03,Brooch,Gold Jewelry,4,5488454.0,71
2028-12-04,Earring,Gold Jewelry,20,,76
2028-12-05,Charm,Gold Jewelry,24,5087965.0,6
2028-12-06,Brooch,Gold Jewelry,18,5523784.0,53
2028-12-07,Bangle,Gold Jewelry,26,4568924.0,44
2028-12-08,Brooch,Gold Jewelry,2,5088674.0,51
2028-12-09,Gold Bar,Gold Jewelry,4,5605569.0,49
2028-12-10,Earring,Gold Jewelry,10,5307773.0,66
2028-12-11,Bangle,Gold Jewelry,16,4334099.0,28
2028-12-12,Pendant,Gold Jewelry,16,5098727.0,83
2028-12-13,Bangle,Gold Jewelry,12,3862452.0,16
2028-12-14,Gold Bar,Gold Jewelry,22,5343276.0,27
2028-12-15,Charm,Gold Jewelry,4,5648517.0,2
2028-12-16,Earring,Gold Jewelry,6,4078756.0,60
2028-12-17,Pendant,Gold Jewelry,10,5413944.0,73
2028-12-18,Gold Bar,Gold Jewelry,20,5444154.0,7
2028-12-19,Gold Bar,Gold Jewelry,0,3954796.0,7
2028-12-20,Ring,Gold Jewelry,2,2838436.0,33
2028-12-21,Earring,Gold Jewelry,24,2741279.0,36
2028-12-22,Bangle,Gold Jewelry,0,3845462.0,16
2028-12-23,Necklace,Gold Jewelry,4,2812124.0,35
2028-12-24,Charm,Gold Jewelry,26,4142970.0,76
2028-12-25,Necklace,Gold Jewelry,14,4639493.0,21
2028-12-26,Bangle,Gold Jewelry,2,5160851.0,14
2028-12-27,Bangle,Gold Jewelry,0,4917063.0,14
2028-12-28,Earring,Gold Jewelry,16,5710702.0,20
2028-12-29,Bangle,Gold Jewelry,26,5548182.0,88
2028-12-30,Ring,Gold Jewelry,22,3723478.0,11
2028-12-31,Pendant,Gold Jewelry,4,3177244.0,69
2029-01-01,Bangle,Gold Jewelry,10,4000170.0,78
2029-01-02,Necklace,Gold Jewelry,0,5204188.0,21
2029-01-03,Bangle,Gold Jewelry,6,4789212.0,72
2029-01-04,Ring,Gold Jewelry,12,2969723.0,99
2029-01-05,Brooch,Gold Jewelry,14,4192400.0,37
2029-01-06,Brooch,Gold Jewelry,9,3571927.0,28
2029-01-07,Gold Bar,Gold Jewelry,4,2816306.0,3
2029-01-08,Charm,Gold Jewelry,4,5563045.0,72
2029-01-09,Bracelet,Gold Jewelry,13,4013173.0,60
2029-01-10,Pendant,Gold Jewelry,0,3709334.0,69
2029-01-11,Anklet,Gold Jewelry,14,3727644.0,80
2029-01-12,Gold Bar,Gold Jewelry,14,5030630.0,89
2029-01-13,Charm,Gold Jewelry,8,5321088.0,64
2029-01-14,Brooch,Gold Jewelry,6,4475460.0,22
2029-01-15,Necklace,Gold Jewelry,7,3227209.0,14
2029-01-16,Anklet,Gold Jewelry,8,4475821.0,72
2029-01-17,Charm,Gold Jewelry,5,3176085.0,59
2029-01-18,Charm,Gold Jewelry,11,5193698.0,48
2029-01-19,Gold Bar,Gold Jewelry,4,3556608.0,85
2029-01-20,Anklet,Gold Jewelry,5,3590525.0,67
2029-01-21,Earring,Gold Jewelry,0,4230056.0,20
2029-01-22,Bracelet,Gold Jewelry,1,,59
2029-01-23,Earring,Gold Jewelry,3,5180210.0,17
2029-01-24,Anklet,Gold Jewelry,2,3240512.0,65
2029-01-25,Earring,Gold Jewelry,12,3509942.0,5
2029-01-26,Ring,Gold Jewelry,6,3218278.0,93
2029-01-27,Brooch,Gold Jewelry,8,4673940.0,14
2029-01-28,Ring,Gold Jewelry,4,5135219.0,89
2029-01-29,Bangle,Gold Jewelry,5,3124093.0,67
2029-01-30,Earring,Gold Jewelry,9,3239955.0,96
2029-01-31,Bangle,Gold Jewelry,13,4030074.0,54
2029-02-01,Necklace,Gold Jewelry,11,4266180.0,3
2029-02-02,Pendant,Gold Jewelry,11,4629082.0,58
2029-02-03,Necklace,Gold Jewelry,1,4232183.0,2
2029-02-04,Anklet,Gold Jewelry,2,3393545.0,63
2029-02-05,Charm,Gold Jewelry,2,4374528.0,46
2029-02-06,Brooch,Gold Jewelry,11,4650892.0,3
2029-02-07,Earring,Gold Jewelry,11,5663611.0,85
2029-02-08,Gold Bar,Gold Jewelry,14,5537476.0,71
2029-02-09,Pendant,Gold Jewelry,8,4095205.0,50
2029-02-10,Bracelet,Gold Jewelry,14,4058514.0,45
2029-02-11,Bracelet,Gold Jewelry,0,4998680.0,45
2029-02-12,Bracelet,Gold Jewelry,7,3219511.0,38
2029-02-13,Earring,Gold Jewelry,10,5146850.0,75
2029-02-14,Bracelet,Gold Jewelry,9,5574339.0,29
2029-02-15,Ring,Gold Jewelry,10,3499760.0,79
2029-02-16,Pendant,Gold Jewelry,8,3052283.0,42
2029-02-17,Ring,Gold Jewelry,5,3891613.0,74
2029-02-18,Charm,Gold Jewelry,3,5600075.0,43
2029-02-19,Pendant,Gold Jewelry,11,4870226.0,31
2029-02-20,Ring,Gold Jewelry,0,5523561.0,74
2029-02-21,Pendant,Gold Jewelry,7,4096683.0,24
2029-02-22,Charm,Gold Jewelry,6,4556798.0,37
2029-02-23,Bangle,Gold Jewelry,1,5611119.0,53
2029-02-24,Earring,Gold Jewelry,7,5431205.0,68
2029-02-25,Earring,Gold Jewelry,11,4871213.0,57
2029-02-26,Bracelet,Gold Jewelry,4,3211722.0,25
2029-02-27,Necklace,Gold Jewelry,6,4847618.0,96
2029-02-28,Bracelet,Gold Jewelry,3,3397290.0,22
2029-03-01,Anklet,Gold Jewelry,4,4093520.0,59
2029-03-02,Ring,Gold Jewelry,7,5359827.0,67
2029-03-03,Pendant,Gold Jewelry,0,5489668.0,24
2029-03-04,Necklace,Gold Jewelry,0,2968048.0,96
2029-03-05,Charm,Gold Jewelry,14,4273252.0,23
2029-03-06,Anklet,Gold Jewelry,3,3213483.0,56
2029-03-07,Charm,Gold Jewelry,2,4626062.0,21
2029-03-08,Earring,Gold Jewelry,12,5329187.0,45
2029-03-09,Earring,Gold Jewelry,0,5357157.0,45
2029-03-10,Bracelet,Gold Jewelry,11,5562409.0,11
2029-03-11,Ring,Gold Jewelry,1,5628717.0,66
2029-03-12,Necklace,Gold Jewelry,11,5345888.0,85
2029-03-13,Brooch,Gold Jewelry,2,4495004.0,1
2029-03-14,Anklet,Gold Jewelry,10,5715811.0,46
2029-03-15,Anklet,Gold Jewelry,14,4692618.0,32
2029-03-16,Bracelet,Gold Jewelry,14,4148673.0,97
2029-03-17,Earring,Gold Jewelry,10,5493575.0,35
2029-03-18,Bracelet,Gold Jewelry,13,5236260.0,84
2029-03-19,Pendant,Gold Jewelry,0,2986314.0,24
2029-03-20,Necklace,Gold Jewelry,0,5404622.0,85
2029-03-21,Ring,Gold Jewelry,0,4304090.0,66
2029-03-22,Bangle,Gold Jewelry,5,5022107.0,48
2029-03-23,Gold Bar,Gold Jewelry,4,3519692.0,67
2029-03-24,Gold Bar,Gold Jewelry,7,5154462.0,60
2029-03-25,Bracelet,Gold Jewelry,1,4848775.0,83
2029-03-26,Pendant,Gold Jewelry,3,5297510.0,21
2029-03-27,Necklace,Gold Jewelry,7,4387694.0,78
2029-03-28,Brooch,Gold Jewelry,11,5405174.0,90
2029-03-29,Gold Bar,Gold Jewelry,5,3355904.0,55
2029-03-30,Necklace,Gold Jewelry,0,3045865.0,78
2029-03-31,Ring,Gold Jewelry,14,3491773.0,52
2029-04-01,Charm,Gold Jewelry,3,4721037.0,18
2029-04-02,Pendant,Gold Jewelry,0,4817381.0,21
2029-04-03,Earring,Gold Jewelry,12,2854616.0,23
2029-04-04,Necklace,Gold Jewelry,1,3161370.0,77
2029-04-05,Ring,Gold Jewelry,4,4800143.0,48
2029-04-06,Brooch,Gold Jewelry,13,3297385.0,77
2029-04-07,Bangle,Gold Jewelry,7,4350638.0,41
2029-04-08,Earring,Gold Jewelry,7,4796337.0,16
2029-04-09,Bangle,Gold Jewelry,10,5103224.0,31
2029-04-10,Brooch,Gold Jewelry,2,5008531.0,75
2029-04-11,Ring,Gold Jewelry,10,4410253.0,38
2029-04-12,Gold Bar,Gold Jewelry,12,3767399.0,43
2029-04-13,Bangle,Gold Jewelry,3,3007756.0,28
2029-04-14,Earring,Gold Jewelry,9,3604376.0,7
2029-04-15,Bracelet,Gold Jewelry,10,3668487.0,73
2029-04-16,Anklet,Gold Jewelry,13,5442574.0,19
2029-04-17,Necklace,Gold Jewelry,5,3204039.0,72
2029-04-18,Gold Bar,Gold Jewelry,10,5083986.0,33
2029-04-19,Bangle,Gold Jewelry,10,4313517.0,18
2029-04-20,Charm,Gold Jewelry,9,3335242.0,9
2029-04-21,Necklace,Gold Jewelry,2,5593033.0,70
2029-04-22,Bracelet,Gold Jewelry,1,5634439.0,72
2029-04-23,Brooch,Gold Jewelry,5,4570302.0,70
2029-04-24,Anklet,Gold Jewelry,10,4102712.0,9
2029-04-25,Ring,Gold Jewelry,12,3313749.0,26
2029-04-26,Bracelet,Gold Jewelry,14,5421937.0,58
2029-04-27,Bracelet,Gold Jewelry,4,4872131.0,54
2029-04-28,Brooch,Gold Jewelry,13,5311919.0,57
2029-04-29,Pendant,Gold Jewelry,9,4811335.0,12
2029-04-30,Brooch,Gold Jewelry,4,3589687.0,53
2029-05-01,Pendant,Gold Jewelry,9,5023291.0,3
2029-05-02,Pendant,Gold Jewelry,0,4674855.0,3
2029-05-03,Gold Bar,Gold Jewelry,4,5648829.0,29
2029-05-04,Gold Bar,Gold Jewelry,9,3860965.0,20
2029-05-05,Earring,Gold Jewelry,11,4016671.0,96
2029-05-06,Bangle,Gold Jewelry,4,5213872.0,14
2029-05-07,Bangle,Gold Jewelry,2,5721003.0,12
2029-05-08,Ring,Gold Jewelry,6,3531463.0,20
2029-05-09,Bangle,Gold Jewelry,5,4883023.0,7
2029-05-10,Gold Bar,Gold Jewelry,3,4895510.0,17
2029-05-11,Earring,Gold Jewelry,1,3146179.0,95
2029-05-12,Earring,Gold Jewelry,11,5394262.0,84
2029-05-13,Pendant,Gold Jewelry,8,4097633.0,95
2029-05-14,Brooch,Gold Jewelry,0,5101748.0,53
2029-05-15,Ring,Gold Jewelry,12,,8
2029-05-16,Pendant,Gold Jewelry,12,3428270.0,83
2029-05-17,Brooch,Gold Jewelry,10,5123781.0,43
2029-05-18,Bangle,Gold Jewelry,14,5225105.0,93
2029-05-19,Pendant,Gold Jewelry,13,3416867.0,70
2029-05-20,Necklace,Gold Jewelry,3,3904381.0,67
2029-05-21,Bangle,Gold Jewelry,0,5060073.0,93
2029-05-22,Brooch,Gold Jewelry,12,4817328.0,31
2029-05-23,Ring,Gold Jewelry,5,3662965.0,3
2029-05-24,Brooch,Gold Jewelry,3,3040483.0,28
2029-05-25,Pendant,Gold Jewelry,4,5292203.0,66
2029-05-26,Pendant,Gold Jewelry,4,4669962.0,62
2029-05-27,Bracelet,Gold Jewelry,8,3073646.0,46
2029-05-28,Ring,Gold Jewelry,0,4184503.0,3
2029-05-29,Charm,Gold Jewelry,12,2912024.0,97
2029-05-30,Bangle,Gold Jewelry,1,5120458.0,92
2029-05-31,Earring,Gold Jewelry,12,3716789.0,72
2029-06-01,Ring,Gold Jewelry,5,3350026.0,98
2029-06-02,Earring,Gold Jewelry,4,2920276.0,68
2029-06-03,Ring,Gold Jewelry,10,2987494.0,88
2029-06-04,Ring,Gold Jewelry,6,4856686.0,82
2029-06-05,Brooch,Gold Jewelry,2,5098123.0,26
2029-06-06,Ring,Gold Jewelry,2,4688232.0,80
2029-06-07,Bracelet,Gold Jewelry,9,4676307.0,37
2029-06-08,Charm,Gold Jewelry,1,3087285.0,96
2029-06-09,Pendant,Gold Jewelry,12,4200254.0,50
2029-06-10,Anklet,Gold Jewelry,2,3078949.0,7
2029-06-11,Earring,Gold Jewelry,9,5661774.0,59
2029-06-12,Pendant,Gold Jewelry,0,4200477.0,50
2029-06-13,Anklet,Gold Jewelry,4,3048371.0,3
2029-06-14,Charm,Gold Jewelry,13,5511903.0,83
2029-06-15,Charm,Gold Jewelry,14,3459275.0,69
2029-06-16,Earring,Gold Jewelry,11,4538002.0,48
2029-06-17,Earring,Gold Jewelry,4,2938591.0,44
2029-06-18,Charm,Gold Jewelry,11,5503706.0,58
2029-06-19,Anklet,Gold Jewelry,10,5442951.0,93
2029-06-20,Ring,Gold Jewelry,6,3454604.0,74
2029-06-21,Bangle,Gold Jewelry,3,5414133.0,89
2029-06-22,Necklace,Gold Jewelry,2,3590220.0,65
2029-06-23,Pendant,Gold Jewelry,0,3760681.0,50
2029-06-24,Brooch,Gold Jewelry,11,3084409.0,15
2029-06-25,Pendant,Gold Jewelry,14,4152649.0,36
2029-06-26,Brooch,Gold Jewelry,7,4026968.0,8
2029-06-27,Anklet,Gold Jewelry,12,3979152.0,81
2029-06-28,Brooch,Gold Jewelry,2,3803167.0,6
2029-06-29,Earring,Gold Jewelry,12,4930932.0,32
2029-06-30,Bangle,Gold Jewelry,14,5186385.0,75
2029-07-01,Bangle,Gold Jewelry,1,4821892.0,74
2029-07-02,Earring,Gold Jewelry,10,3701596.0,22
2029-07-03,Bracelet,Gold Jewelry,3,5023340.0,34
2029-07-04,Anklet,Gold Jewelry,2,5537266.0,79
2029-07-05,Bracelet,Gold Jewelry,12,5747537.0,22
2029-07-06,Bracelet,Gold Jewelry,0,3413573.0,22
2029-07-07,Pendant,Gold Jewelry,2,4416173.0,34
2029-07-08,Charm,Gold Jewelry,11,4451559.0,47
2029-07-09,Pendant,Gold Jewelry,1,4906742.0,33
2029-07-10,Charm,Gold Jewelry,7,3899977.0,40
2029-07-11,Necklace,Gold Jewelry,0,4553512.0,65
2029-07-12,Brooch,Gold Jewelry,8,4299800.0,98
2029-07-13,Charm,Gold Jewelry,0,5392079.0,40
2029-07-14,Earring,Gold Jewelry,9,4425828.0,13
2029-07-15,Pendant,Gold Jewelry,2,4854361.0,31
2029-07-16,Anklet,Gold Jewelry,4,5574937.0,75
2029-07-17,Brooch,Gold Jewelry,6,3126584.0,92
2029-07-18,Necklace,Gold Jewelry,4,4235302.0,61
2029-07-19,Charm,Gold Jewelry,7,3722015.0,33
2029-07-20,Necklace,Gold Jewelry,11,3411471.0,50
2029-07-21,Anklet,Gold Jewelry,4,5314502.0,71
2029-07-22,Bracelet,Gold Jewelry,0,5101154.0,22
2029-07-23,Bangle,Gold Jewelry,4,4800067.0,70
2029-07-24,Anklet,Gold Jewelry,3,4389070.0,68
2029-07-25,Gold Bar,Gold Jewelry,5,4484348.0,12
2029-07-26,Anklet,Gold Jewelry,2,5704759.0,66
2029-07-27,Necklace,Gold Jewelry,14,3688741.0,36
2029-07-28,Earring,Gold Jewelry,10,5764011.0,3
2029-07-29,Pendant,Gold Jewelry,4,4858615.0,27
2029-07-30,Earring,Gold Jewelry,1,3285277.0,2
2029-07-31,Necklace,Gold Jewelry,0,2977449.0,36
2029-08-01,Pendant,Gold Jewelry,5,5511532.0,22
2029-08-02,Gold Bar,Gold Jewelry,12,4023995.0,100
2029-08-03,Bangle,Gold Jewelry,14,3133420.0,56
2029-08-04,Brooch,Gold Jewelry,11,4466662.0,81
2029-08-05,Necklace,Gold Jewelry,5,2973870.0,31
2029-08-06,Charm,Gold Jewelry,4,3695636.0,29
2029-08-07,Necklace,Gold Jewelry,5,5809291.0,26
2029-08-08,Necklace,Gold Jewelry,10,3288377.0,16
2029-08-09,Pendant,Gold Jewelry,6,5784736.0,16
2029-08-10,Ring,Gold Jewelry,11,4841564.0,63
2029-08-11,Anklet,Gold Jewelry,4,3333330.0,62
2029-08-12,Ring,Gold Jewelry,0,3758004.0,63
2029-08-13,Gold Bar,Gold Jewelry,7,5183419.0,93
2029-08-14,Charm,Gold Jewelry,3,4436786.0,26
2029-08-15,Bangle,Gold Jewelry,8,3270744.0,48
2029-08-16,Bracelet,Gold Jewelry,13,3348677.0,9
2029-08-17,Gold Bar,Gold Jewelry,9,5805080.0,84
2029-08-18,Bracelet,Gold Jewelry,0,3661698.0,9
2029-08-19,Bracelet,Gold Jewelry,5,3364395.0,4
2029-08-20,Bangle,Gold Jewelry,0,4121393.0,48
2029-08-21,Earring,Gold Jewelry,2,5360868.0,100
2029-08-22,Ring,Gold Jewelry,2,4936319.0,61
2029-08-23,Necklace,Gold Jewelry,9,3779015.0,7
2029-08-24,Brooch,Gold Jewelry,11,5057821.0,70
2029-08-25,Bracelet,Gold Jewelry,11,3640830.0,93
2029-08-26,Charm,Gold Jewelry,3,3129539.0,23
2029-08-27,Gold Bar,Gold Jewelry,5,4592455.0,79
2029-08-28,Earring,Gold Jewelry,14,3116150.0,86
2029-08-29,Bracelet,Gold Jewelry,6,5637405.0,87
2029-08-30,Earring,Gold Jewelry,9,4696964.0,77
2029-08-31,Earring,Gold Jewelry,3,5391910.0,74
2029-09-01,Bracelet,Gold Jewelry,5,3341415.0,82
2029-09-02,Pendant,Gold Jewelry,10,4824658.0,6
2029-09-03,Anklet,Gold Jewelry,0,3499012.0,62
2029-09-04,Charm,Gold Jewelry,13,4489265.0,10
2029-09-05,Necklace,Gold Jewelry,7,5844811.0,100
2029-09-06,Necklace,Gold Jewelry,6,3579357.0,94
2029-09-07,Charm,Gold Jewelry,14,5440181.0,96
2029-09-08,Pendant,Gold Jewelry,10,5125298.0,96
2029-09-09,Necklace,Gold Jewelry,0,5303316.0,94
2029-09-10,Earring,Gold Jewelry,8,5196586.0,66
2029-09-11,Bangle,Gold Jewelry,2,4862534.0,46
2029-09-12,Gold Bar,Gold Jewelry,1,2990159.0,78
2029-09-13,Ring,Gold Jewelry,0,5456475.0,61
2029-09-14,Necklace,Gold Jewelry,2,3498372.0,92
2029-09-15,Charm,Gold Jewelry,4,4948237.0,92
2029-09-16,Bangle,Gold Jewelry,13,3606608.0,33
2029-09-17,Bracelet,Gold Jewelry,10,5819470.0,72
2029-09-18,Anklet,Gold Jewelry,1,3796820.0,61
2029-09-19,Charm,Gold Jewelry,11,3676864.0,81
2029-09-20,Earring,Gold Jewelry,2,4937338.0,64
2029-09-21,Anklet,Gold Jewelry,14,4090265.0,47
2029-09-22,Gold Bar,Gold Jewelry,14,4076365.0,64
2029-09-23,Gold Bar,Gold Jewelry,14,4194604.0,50
2029-09-24,Pendant,Gold Jewelry,3,3131098.0,93
2029-09-25,Brooch,Gold Jewelry,6,4511824.0,64
2029-09-26,Pendant,Gold Jewelry,12,4015497.0,81
2029-09-27,Bangle,Gold Jewelry,0,4481482.0,33
2029-09-28,Anklet,Gold Jewelry,14,3866952.0,33
2029-09-29,Brooch,Gold Jewelry,8,3961687.0,56
2029-09-30,Bracelet,Gold Jewelry,7,3299329.0,65
2029-10-01,Earring,Gold Jewelry,6,3083750.0,58
2029-10-02,Anklet,Gold Jewelry,24,2988092.0,9
2029-10-03,Pendant,Gold Jewelry,0,3102000.0,81
2029-10-04,Ring,Gold Jewelry,0,5745929.0,61
2029-10-05,Brooch,Gold Jewelry,0,3191137.0,56
2029-10-06,Brooch,Gold Jewelry,0,5474721.0,56
2029-10-07,Earring,Gold Jewelry,14,5819709.0,44
2029-10-08,Necklace,Gold Jewelry,4,3250153.0,88
2029-10-09,Gold Bar,Gold Jewelry,28,3981178.0,22
2029-10-10,Gold Bar,Gold Jewelry,10,5171769.0,12
2029-10-11,Ring,Gold Jewelry,4,3109069.0,57
2029-10-12,Bangle,Gold Jewelry,20,3439010.0,13
2029-10-13,Bangle,Gold Jewelry,8,4163894.0,5
2029-10-14,Bracelet,Gold Jewelry,24,4511697.0,41
2029-10-15,Anklet,Gold Jewelry,28,3582092.0,81
2029-10-16,Charm,Gold Jewelry,26,3972496.0,55
2029-10-17,Necklace,Gold Jewelry,0,3474792.0,88
2029-10-18,Pendant,Gold Jewelry,28,4450826.0,53
2029-10-19,Charm,Gold Jewelry,12,5244756.0,43
2029-10-20,Charm,Gold Jewelry,2,3500107.0,41
2029-10-21,Brooch,Gold Jewelry,0,3541635.0,56
2029-10-22,Ring,Gold Jewelry,24,4937793.0,33
2029-10-23,Gold Bar,Gold Jewelry,0,4974836.0,12
2029-10-24,Bracelet,Gold Jewelry,20,,21
2029-10-25,Bangle,Gold Jewelry,4,4581457.0,1
2029-10-26,Ring,Gold Jewelry,10,4050748.0,23
2029-10-27,Brooch,Gold Jewelry,18,4263640.0,38
2029-10-28,Pendant,Gold Jewelry,18,3394453.0,35
2029-10-29,Bracelet,Gold Jewelry,26,4738561.0,95
2029-10-30,Brooch,Gold Jewelry,8,5396234.0,30
2029-10-31,Gold Bar,Gold Jewelry,22,2926036.0,90
2029-11-01,Gold Bar,Gold Jewelry,2,4079517.0,88
2029-11-02,Gold Bar,Gold Jewelry,16,5123019.0,72
2029-11-03,Ring,Gold Jewelry,14,3252849.0,9
2029-11-04,Ring,Gold Jewelry,4,3569503.0,5
2029-11-05,Bangle,Gold Jewelry,14,3307141.0,87
2029-11-06,Bangle,Gold Jewelry,26,4808217.0,61
2029-11-07,Pendant,Gold Jewelry,16,3222783.0,19
2029-11-08,Bracelet,Gold Jewelry,26,5743744.0,69
2029-11-09,Earring,Gold Jewelry,28,4464732.0,16
2029-11-10,Earring,Gold Jewelry,4,3470117.0,12
2029-11-11,Brooch,Gold Jewelry,4,3278680.0,26
2029-11-12,Gold Bar,Gold Jewelry,2,4390086.0,70
2029-11-13,Bracelet,Gold Jewelry,14,5786803.0,55
2029-11-14,Charm,Gold Jewelry,18,3522718.0,23
2029-11-15,Ring,Gold Jewelry,0,5387434.0,5
2029-11-16,Anklet,Gold Jewelry,14,4999458.0,67
2029-11-17,Necklace,Gold Jewelry,12,3468610.0,76
2029-11-18,Pendant,Gold Jewelry,26,2915042.0,93
2029-11-19,Gold Bar,Gold Jewelry,12,3299802.0,58
2029-11-20,Gold Bar,Gold Jewelry,4,5661899.0,54
2029-11-21,Gold Bar,Gold Jewelry,0,5603364.0,54
2029-11-22,Ring,Gold Jewelry,0,3640410.0,5
2029-11-23,Ring,Gold Jewelry,16,3042895.0,89
2029-11-24,Necklace,Gold Jewelry,8,5853010.0,68
2029-11-25,Charm,Gold Jewelry,0,5626963.0,23
2029-11-26,Bracelet,Gold Jewelry,28,3830783.0,27
2029-11-27,Gold Bar,Gold Jewelry,8,4253219.0,46
2029-11-28,Earring,Gold Jewelry,24,5055932.0,88
2029-11-29,Bangle,Gold Jewelry,14,5802992.0,47
2029-11-30,Earring,Gold Jewelry,14,4662520.0,74
2029-12-01,Brooch,Gold Jewelry,8,4845510.0,18
2029-12-02,Earring,Gold Jewelry,22,4390017.0,52
2029-12-03,Brooch,Gold Jewelry,16,4640388.0,2
2029-12-04,Anklet,Gold Jewelry,28,4640599.0,39
2029-12-05,Bangle,Gold Jewelry,0,3021519.0,47
2029-12-06,Earring,Gold Jewelry,6,3271852.0,46
2029-12-07,Anklet,Gold Jewelry,4,4665817.0,35
2029-12-08,Pendant,Gold Jewelry,2,3080001.0,91
2029-12-09,Bracelet,Gold Jewelry,28,5794427.0,99
2029-12-10,Anklet,Gold Jewelry,14,3586494.0,21
2029-12-11,Bracelet,Gold Jewelry,12,3496231.0,87
2029-12-12,Earring,Gold Jewelry,16,5754623.0,30
2029-12-13,Charm,Gold Jewelry,2,5320326.0,21
2029-12-14,Anklet,Gold Jewelry,26,3564187.0,95
2029-12-15,Bangle,Gold Jewelry,26,3000643.0,21
2029-12-16,Earring,Gold Jewelry,6,3049771.0,24
2029-12-17,Gold Bar,Gold Jewelry,26,3925832.0,20
2029-12-18,Ring,Gold Jewelry,28,4461289.0,61
2029-12-19,Anklet,Gold Jewelry,10,3915423.0,85
2029-12-20,Bangle,Gold Jewelry,20,5905111.0,1
2029-12-21,Pendant,Gold Jewelry,4,4728408.0,87
2029-12-22,Gold Bar,Gold Jewelry,14,3568673.0,6
2029-12-23,Pendant,Gold Jewelry,4,4626034.0,83
2029-12-24,Earring,Gold Jewelry,0,3020362.0,24
2029-12-25,Ring,Gold Jewelry,22,,39
2029-12-26,Anklet,Gold Jewelry,24,4946503.0,61
2029-12-27,Anklet,Gold Jewelry,24,3086798.0,37
2029-12-28,Charm,Gold Jewelry,2,5591990.0,19
2029-12-29,Charm,Gold Jewelry,24,3384788.0,95
2029-12-30,Earring,Gold Jewelry,24,5274854.0,100
2029-12-31,Earring,Gold Jewelry,4,5321909.0,96
2030-01-01,Ring,Gold Jewelry,10,4801007.0,29
2030-01-02,Charm,Gold Jewelry,5,4673314.0,90
2030-01-03,Bangle,Gold Jewelry,1,4653122.0,100
2030-01-04,Bangle,Gold Jewelry,7,5700781.0,93
2030-01-05,Ring,Gold Jewelry,0,3690292.0,29
2030-01-06,Bangle,Gold Jewelry,6,5249147.0,87
2030-01-07,Brooch,Gold Jewelry,1,5294525.0,1
2030-01-08,Bracelet,Gold Jewelry,9,4826717.0,78
2030-01-09,Ring,Gold Jewelry,11,4517741.0,18
2030-01-10,Ring,Gold Jewelry,5,3106573.0,13
2030-01-11,Necklace,Gold Jewelry,11,3277281.0,57
2030-01-12,Gold Bar,Gold Jewelry,1,5840168.0,5
2030-01-13,Gold Bar,Gold Jewelry,1,5884364.0,4
2030-01-14,Brooch,Gold Jewelry,9,3139207.0,92
2030-01-15,Charm,Gold Jewelry,12,5258401.0,78
2030-01-16,Earring,Gold Jewelry,7,4006110.0,89
2030-01-17,Earring,Gold Jewelry,14,3092389.0,75
2030-01-18,Pendant,Gold Jewelry,14,3980665.0,69
2030-01-19,Brooch,Gold Jewelry,0,4027797.0,92
2030-01-20,Ring,Gold Jewelry,1,5661169.0,12
2030-01-21,Brooch,Gold Jewelry,6,3748963.0,86
2030-01-22,Brooch,Gold Jewelry,0,3500015.0,86
2030-01-23,Brooch,Gold Jewelry,7,5286460.0,79
2030-01-24,Gold Bar,Gold Jewelry,6,,98
2030-01-25,Brooch,Gold Jewelry,13,4975053.0,66
2030-01-26,Bracelet,Gold Jewelry,0,3753179.0,78
2030-01-27,Earring,Gold Jewelry,13,3685401.0,62
2030-01-28,Pendant,Gold Jewelry,6,4912181.0,63
2030-01-29,Bracelet,Gold Jewelry,10,4987046.0,68
2030-01-30,Pendant,Gold Jewelry,5,5599539.0,58
2030-01-31,Necklace,Gold Jewelry,12,5489913.0,45
2030-02-01,Pendant,Gold Jewelry,6,4747731.0,52
2030-02-02,Earring,Gold Jewelry,4,3855921.0,58
2030-02-03,Earring,Gold Jewelry,6,4478817.0,52
2030-02-04,Brooch,Gold Jewelry,0,2998207.0,66
2030-02-05,Anklet,Gold Jewelry,0,5361851.0,37
2030-02-06,Necklace,Gold Jewelry,8,3819698.0,37
2030-02-07,Ring,Gold Jewelry,0,5140078.0,12
2030-02-08,Bangle,Gold Jewelry,4,4491657.0,83
2030-02-09,Pendant,Gold Jewelry,12,5164446.0,40
2030-02-10,Anklet,Gold Jewelry,4,4676967.0,33
2030-02-11,Brooch,Gold Jewelry,2,3479226.0,64
2030-02-12,Gold Bar,Gold Jewelry,4,5614259.0,94
2030-02-13,Ring,Gold Jewelry,2,5075508.0,10
2030-02-14,Charm,Gold Jewelry,8,3377244.0,70
2030-02-15,Anklet,Gold Jewelry,8,3771809.0,25
2030-02-16,Gold Bar,Gold Jewelry,5,3426999.0,89
2030-02-17,Necklace,Gold Jewelry,14,3554262.0,23
2030-02-18,Brooch,Gold Jewelry,0,4943549.0,64
2030-02-19,Ring,Gold Jewelry,6,5379932.0,4
2030-02-20,Ring,Gold Jewelry,6,4726053.0,98
2030-02-21,Ring,Gold Jewelry,13,3345907.0,85
2030-02-22,Necklace,Gold Jewelry,9,3810158.0,14
2030-02-23,Pendant,Gold Jewelry,9,4242806.0,31
2030-02-24,Charm,Gold Jewelry,3,4235308.0,67
2030-02-25,Necklace,Gold Jewelry,7,3361102.0,7
2030-02-26,Bangle,Gold Jewelry,5,4568650.0,78
2030-02-27,Charm,Gold Jewelry,3,5314500.0,64
2030-02-28,Earring,Gold Jewelry,3,2998635.0,49
2030-03-01,Brooch,Gold Jewelry,1,4343930.0,63
2030-03-02,Necklace,Gold Jewelry,13,5805349.0,94
2030-03-03,Gold Bar,Gold Jewelry,1,5286636.0,88
2030-03-04,Charm,Gold Jewelry,11,4317713.0,53
2030-03-05,Bangle,Gold Jewelry,0,4105828.0,78
2030-03-06,Earring,Gold Jewelry,3,3173584.0,46
2030-03-07,Pendant,Gold Jewelry,4,5175538.0,27
2030-03-08,Gold Bar,Gold Jewelry,7,4073113.0,81
2030-03-09,Charm,Gold Jewelry,14,5880342.0,39
2030-03-10,Brooch,Gold Jewelry,5,4667444.0,58
2030-03-11,Gold Bar,Gold Jewelry,13,3032666.0,68
2030-03-12,Earring,Gold Jewelry,14,5421006.0,32
2030-03-13,Gold Bar,Gold Jewelry,3,5354131.0,65
2030-03-14,Bracelet,Gold Jewelry,12,3813285.0,56
2030-03-15,Anklet,Gold Jewelry,10,3247383.0,15
2030-03-16,Pendant,Gold Jewelry,6,5606225.0,21
2030-03-17,Earring,Gold Jewelry,7,3113552.0,25
2030-03-18,Gold Bar,Gold Jewelry,0,3707079.0,65
2030-03-19,Anklet,Gold Jewelry,11,4871524.0,4
2030-03-20,Anklet,Gold Jewelry,6,4395401.0,98
2030-03-21,Gold Bar,Gold Jewelry,14,5115905.0,51
2030-03-22,Brooch,Gold Jewelry,13,5528849.0,45
2030-03-23,Bracelet,Gold Jewelry,1,3568916.0,55
2030-03-24,Necklace,Gold Jewelry,1,5212233.0,93
2030-03-25,Bracelet,Gold Jewelry,7,5686906.0,48
2030-03-26,Gold Bar,Gold Jewelry,1,4141430.0,50
2030-03-27,Pendant,Gold Jewelry,14,5676292.0,7
2030-03-28,Necklace,Gold Jewelry,10,5472301.0,83
2030-03-29,Earring,Gold Jewelry,8,4868662.0,17
2030-03-30,Bracelet,Gold Jewelry,11,5801719.0,37
2030-03-31,Gold Bar,Gold Jewelry,0,5687237.0,50
2030-04-01,Bracelet,Gold Jewelry,14,4737810.0,23
2030-04-02,Necklace,Gold Jewelry,8,5618286.0,75
2030-04-03,Bangle,Gold Jewelry,0,4119714.0,78
2030-04-04,Charm,Gold Jewelry,0,3272416.0,39
2030-04-05,Bracelet,Gold Jewelry,9,3000149.0,14
2030-04-06,Earring,Gold Jewelry,12,3309344.0,5
2030-04-07,Earring,Gold Jewelry,9,5941342.0,96
2030-04-08,Ring,Gold Jewelry,1,3089947.0,84
2030-04-09,Bracelet,Gold Jewelry,5,5520845.0,9
2030-04-10,Charm,Gold Jewelry,5,4016771.0,34
2030-04-11,Brooch,Gold Jewelry,0,4575033.0,45
2030-04-12,Anklet,Gold Jewelry,6,5895031.0,92
2030-04-13,Charm,Gold Jewelry,7,5893449.0,27
2030-04-14,Anklet,Gold Jewelry,1,3645413.0,91
2030-04-15,Anklet,Gold Jewelry,7,4379474.0,84
2030-04-16,Bangle,Gold Jewelry,8,3318539.0,70
2030-04-17,Ring,Gold Jewelry,5,4327425.0,79
2030-04-18,Charm,Gold Jewelry,0,5256646.0,27
2030-04-19,Charm,Gold Jewelry,11,4393420.0,16
2030-04-20,Bangle,Gold Jewelry,8,5924998.0,62
2030-04-21,Bracelet,Gold Jewelry,12,4018457.0,97
2030-04-22,Bracelet,Gold Jewelry,11,4974147.0,86
2030-04-23,Bracelet,Gold Jewelry,10,5375661.0,76
2030-04-24,Pendant,Gold Jewelry,8,4539220.0,99
2030-04-25,Anklet,Gold Jewelry,0,4097787.0,84
2030-04-26,Pendant,Gold Jewelry,10,3958126.0,89
2030-04-27,Ring,Gold Jewelry,2,3911335.0,77
2030-04-28,Bangle,Gold Jewelry,8,4907157.0,54
2030-04-29,Charm,Gold Jewelry,10,4954539.0,6
2030-04-30,Anklet,Gold Jewelry,1,3932320.0,83
2030-05-01,Pendant,Gold Jewelry,11,3692846.0,78
2030-05-02,Pendant,Gold Jewelry,3,4683313.0,75
2030-05-03,Gold Bar,Gold Jewelry,3,4062129.0,47
2030-05-04,Pendant,Gold Jewelry,1,4530429.0,74
2030-05-05,Brooch,Gold Jewelry,14,3884210.0,31
2030-05-06,Charm,Gold Jewelry,2,4927526.0,4
2030-05-07,Brooch,Gold Jewelry,12,5733198.0,19
2030-05-08,Charm,Gold Jewelry,2,3009266.0,2
2030-05-09,Bangle,Gold Jewelry,0,5023023.0,54
2030-05-10,Charm,Gold Jewelry,5,3533210.0,97
2030-05-11,Brooch,Gold Jewelry,7,5072966.0,12
2030-05-12,Charm,Gold Jewelry,11,3252849.0,86
2030-05-13,Bangle,Gold Jewelry,2,3458806.0,52
2030-05-14,Bangle,Gold Jewelry,0,4794919.0,52
2030-05-15,Ring,Gold Jewelry,0,4440235.0,77
2030-05-16,Charm,Gold Jewelry,9,4438816.0,77
2030-05-17,Gold Bar,Gold Jewelry,6,4408197.0,41
2030-05-18,Bracelet,Gold Jewelry,9,4058278.0,67
2030-05-19,Earring,Gold Jewelry,12,3421358.0,84
2030-05-20,Bangle,Gold Jewelry,0,5927776.0,52
2030-05-21,Necklace,Gold Jewelry,11,3720744.0,64
2030-05-22,Bracelet,Gold Jewelry,10,5101507.0,57
2030-05-23,Anklet,Gold Jewelry,8,5558115.0,75
2030-05-24,Charm,Gold Jewelry,7,5893179.0,70
2030-05-25,Brooch,Gold Jewelry,6,3296385.0,6
2030-05-26,Earring,Gold Jewelry,9,5710059.0,75
2030-05-27,Necklace,Gold Jewelry,14,5306220.0,50
2030-05-28,Bracelet,Gold Jewelry,6,5050034.0,51
2030-05-29,Charm,Gold Jewelry,0,5440579.0,70
2030-05-30,Ring,Gold Jewelry,4,3920976.0,73
2030-05-31,Anklet,Gold Jewelry,10,5208957.0,65
2030-06-01,Earring,Gold Jewelry,12,4917354.0,63
2030-06-02,Gold Bar,Gold Jewelry,4,3798359.0,37
2030-06-03,Ring,Gold Jewelry,0,5202309.0,73
2030-06-04,Necklace,Gold Jewelry,7,5940214.0,43
2030-06-05,Earring,Gold Jewelry,11,5192080.0,52
2030-06-06,Ring,Gold Jewelry,10,5210187.0,63
2030-06-07,Anklet,Gold Jewelry,0,4485639.0,65
2030-06-08,Gold Bar,Gold Jewelry,3,4271356.0,34
2030-06-09,Ring,Gold Jewelry,14,4782646.0,49
2030-06-10,Pendant,Gold Jewelry,8,3062518.0,66
2030-06-11,Gold Bar,Gold Jewelry,13,3169855.0,21
2030-06-12,Necklace,Gold Jewelry,8,4910334.0,35
2030-06-13,Anklet,Gold Jewelry,4,5759217.0,61
2030-06-14,Charm,Gold Jewelry,3,3115243.0,67
2030-06-15,Brooch,Gold Jewelry,2,4002878.0,4
2030-06-16,Brooch,Gold Jewelry,2,4843756.0,2
2030-06-17,Brooch,Gold Jewelry,11,5489960.0,91
2030-06-18,Earring,Gold Jewelry,4,5116844.0,48
2030-06-19,Necklace,Gold Jewelry,9,4695318.0,26
2030-06-20,Anklet,Gold Jewelry,0,5774374.0,61
2030-06-21,Gold Bar,Gold Jewelry,4,5487831.0,17
2030-06-22,Earring,Gold Jewelry,5,5317620.0,43
2030-06-23,Necklace,Gold Jewelry,6,5176804.0,20
